Ticker,Year,Sector,Class,Class_Label,Annual_Price_Change_Pct,Performance_Label,Revenue,Revenue Growth,Revenue_Growth_Label,Gross Profit,Operating Income,Net Income,EPS,EPS Diluted,Gross Margin,EBIT Margin,EBITDA Margin,Net Profit Margin,Profit_Margin_Tier,Free Cash Flow margin,Operating Cash Flow,Free Cash Flow,Capital Expenditure,Total assets,Total liabilities,Total shareholders equity,Cash and short-term investments,Total debt,Net Debt,Market Cap,Enterprise Value,PE ratio,Price to Sales Ratio,priceToBookRatio,Enterprise Value over EBITDA,returnOnAssets,returnOnEquity,returnOnCapitalEmployed,ROIC,Debt to Equity,Debt to Assets,Leverage_Bucket,currentRatio,quickRatio,interestCoverage,Revenue per Share,Net Income per Share,Book Value per Share,Dividend per Share,dividendYield,Gross Profit Growth,Net Income Growth,EPS Growth,Operating Cash Flow growth,Free Cash Flow growth
AAPL,2014,Technology,0,Negative/Flat Return,-2.0822684663317723,Neutral (-5% to 5%),182795000000.0,0.0695,Moderate (5-15%),70537000000.0,52503000000.0,39510000000.0,6.49,6.45,0.3859,0.2926,0.336,0.2161,High (≥20%),0.273,59713000000.0,49900000000.0,-9813000000.0,231839000000.0,120292000000.0,111547000000.0,25077000000.0,35295000000.0,10218000000.0,599445365370.0,609663365370.0,15.4253,3.2793,5.7792,9.9247,1.5369,0.3542,0.2193,0.2193,0.3164,0.1522,Conservative (<0.5x),1.08,0.8242340184087801,0.0,30.0374,6.4924,18.33,1.811,0.019827227212434,0.0969,0.0668,0.1346,0.1127,0.1191
AAPL,2015,Technology,1,Positive Return,12.384342354071732,Outperformer (5-20%),233715000000.0,0.2786,High Growth (>15%),93626000000.0,71230000000.0,53394000000.0,9.28,9.22,0.4006,0.3103,0.358,0.2285,High (≥20%),0.2986,81266000000.0,69778000000.0,-11488000000.0,290345000000.0,170990000000.0,119355000000.0,41601000000.0,64328000000.0,22727000000.0,641214061680.0,663941061680.0,12.1164,2.7436,5.7541,7.9256,1.7092,0.4474,0.2485,0.2485,0.539,0.2216,Moderate (0.5-1x),1.109,0.89249472770128,0.0,40.6219,9.2804,20.745,1.98,0.019076061495778,0.3273,0.3514,0.4299,0.3609,0.3984
AAPL,2016,Technology,1,Positive Return,48.0425080310413,Strong Outperformer (>20%),215639000000.0,-0.0773,Declining,84263000000.0,60024000000.0,45687000000.0,8.35,8.31,0.3908,0.2846,0.3329999999999999,0.2119,High (≥20%),0.2481,66231000000.0,53497000000.0,-12734000000.0,321686000000.0,193437000000.0,128249000000.0,67155000000.0,87032000000.0,19877000000.0,608247445840.0,628124445840.0,13.5186,2.8207,5.0641,8.7389,0.8326,0.3562,0.2005,0.2005,0.6786,0.2705,Moderate (0.5-1x),1.3530000000000002,1.2208439865327,0.0,39.4162,8.351,23.442,2.18,0.02056172203627,-0.1,-0.1443,-0.1002,-0.185,-0.2333
AAPL,2017,Technology,0,Negative/Flat Return,-7.054338116735654,Underperformer (-5% to -20%),229234000000.0,0.063,Moderate (5-15%),88186000000.0,61344000000.0,48351000000.0,9.27,9.21,0.3847,0.2796,0.324,0.2109,High (≥20%),0.2259,64225000000.0,51774000000.0,-12451000000.0,375319000000.0,241272000000.0,134047000000.0,74181000000.0,115680000000.0,41499000000.0,794463718680.0,835962718680.0,16.5922,3.4657,5.9086,11.2594,0.7847,0.3607,0.1752,0.1752,0.863,0.3082,Moderate (0.5-1x),1.276,1.089670085504,0.0,43.9378,9.2675,25.693,2.4,0.016341413728755,0.0466,0.0583,0.1102,-0.0303,-0.0322
AAPL,2018,Technology,1,Positive Return,88.74246462864862,Strong Outperformer (>20%),265595000000.0,0.1586,High Growth (>15%),101839000000.0,70898000000.0,59531000000.0,12.01,11.91,0.3834,0.2745,0.316,0.2241,High (≥20%),0.2414,77434000000.0,64121000000.0,-13313000000.0,365725000000.0,258578000000.0,107147000000.0,66301000000.0,114483000000.0,48182000000.0,1097648982760.0,1145830982760.0,18.9226,4.1328,10.1842,13.6724,1.0497,0.5556,0.217,0.217,1.0685,0.313,Elevated (1-2x),1.133,0.99453976140569,0.0,53.5973,12.0134,21.622,2.72,0.012318046710734,0.1548,0.2312,0.2956,0.2057,0.2385
ABBV,2014,Healthcare,0,Negative/Flat Return,-7.139291009770816,Underperformer (-5% to -20%),19960000000.0,0.0623,Moderate (5-15%),15534000000.0,3411000000.0,1774000000.0,1.11,1.1,0.7783,0.1383,0.178,0.0889,Low (0-10%),0.1471,3549000000.0,2937000000.0,-612000000.0,27513000000.0,25771000000.0,1742000000.0,8374000000.0,14977000000.0,6603000000.0,104263286532.64,110866286532.64,58.955,5.2236,0.0,31.2652,0.2473,1.0184,0.175,0.175,8.5976,0.5444,High (>2x),1.411,1.0628456069516,7.0588,12.5141,1.1122,1.092,1.66,0.030214602535732,0.0933,-0.5703,-0.5698,-0.4337,-0.4915
ABBV,2015,Healthcare,1,Positive Return,12.898390591943537,Outperformer (5-20%),22859000000.0,0.1452,Moderate (5-15%),18359000000.0,7537000000.0,5144000000.0,3.15,3.13,0.8031,0.3207,0.357,0.225,High (≥20%),0.3064,7535000000.0,7003000000.0,-532000000.0,53050000000.0,49105000000.0,3945000000.0,8407000000.0,31671000000.0,23264000000.0,96842407363.08,120106407363.08,18.8063,4.2365,0.0,14.7063,0.6442,1.3039,0.1302,0.1302,8.0281,0.597,High (>2x),1.4980000000000002,1.2058931521938998,10.6866,14.0671,3.1655,2.428,2.02,0.039264043540892,0.1819,1.8997,1.8378,1.1231,1.3844
ABBV,2016,Healthcare,1,Positive Return,60.61350429219141,Strong Outperformer (>20%),25638000000.0,0.1216,Moderate (5-15%),19806000000.0,9340000000.0,5953000000.0,3.65,3.63,0.7725,0.3452,0.392,0.2322,High (≥20%),0.2559,7041000000.0,6562000000.0,-479000000.0,66099000000.0,61463000000.0,4636000000.0,6423000000.0,36842000000.0,30419000000.0,101422429338.92,131841429338.92,17.0986,3.9559,0.0,13.1342,0.6607,1.2841,0.1161,0.1161,7.9469,0.5574,High (>2x),1.655,1.1431346488089,9.1699,15.8064,3.6702,2.858,2.28,0.0405584140938609,0.0788,0.1573,0.1587,-0.0656,-0.063
ABBV,2017,Healthcare,0,Negative/Flat Return,-2.667431890190079,Neutral (-5% to 5%),28216000000.0,0.1006,Moderate (5-15%),21174000000.0,9545000000.0,5309000000.0,3.31,3.3,0.7504,0.3094,0.363,0.1882,Medium (10-20%),0.3342,9960000000.0,9431000000.0,-529000000.0,70786000000.0,65689000000.0,5097000000.0,9789000000.0,37368000000.0,27579000000.0,157104650713.4,184683650713.4,29.7311,5.5679,0.0,18.0496,0.7189,1.0416,0.1175,0.1175,7.3314,0.5279,High (>2x),1.275,0.8939967550026999,8.6962,17.6792,3.3264,3.194,2.56,0.027866364364312,0.0691,-0.1082,-0.0932,0.4146,0.4372
ABBV,2018,Healthcare,1,Positive Return,4.834143746663969,Neutral (-5% to 5%),32753000000.0,0.1608,High Growth (>15%),25035000000.0,6383000000.0,5687000000.0,3.67,3.66,0.7644,0.1936,0.247,0.1736,Medium (10-20%),0.3905,13427000000.0,12789000000.0,-638000000.0,59352000000.0,67798000000.0,-8446000000.0,8061000000.0,40310000000.0,32249000000.0,138673703186.13,170922703186.13,25.1199,4.2339,0.0,21.0859,2.1966,-0.6733,0.1014,0.1014,-4.7727,0.6792,Conservative (<0.5x),0.983,0.77991762863275,5.5428,21.2544,3.6905,-5.481,3.59,0.040286748280692,0.1823,0.0712,0.1088,0.3481,0.3561
ABT,2014,Healthcare,1,Positive Return,2.1440156318566066,Neutral (-5% to 5%),20247000000.0,0.03,Flat (0-5%),11029000000.0,2599000000.0,2284000000.0,1.5,1.49,0.5447,0.1596,0.236,0.1128,Medium (10-20%),0.1283,3675000000.0,2598000000.0,-1077000000.0,41207000000.0,19568000000.0,21639000000.0,4460000000.0,7830000000.0,3370000000.0,67790692181.72,71160692181.72,30.0133,3.3482,12.654000000000002,14.8903,0.2531,0.1056,0.0529,0.0529,0.3618,0.19,Conservative (<0.5x),1.295,0.7687016337059301,21.54,13.3555,1.5066,14.274,0.88,0.021638334744716,0.054,-0.1134,-0.0854,0.1056,0.1923
ABT,2015,Healthcare,0,Negative/Flat Return,-8.276719006696434,Underperformer (-5% to -20%),20405000000.0,0.0078,Flat (0-5%),11658000000.0,2867000000.0,4423000000.0,2.94,2.92,0.5713,0.253,0.325,0.2168,High (≥20%),0.091,2966000000.0,1856000000.0,-1110000000.0,41247000000.0,19921000000.0,21326000000.0,6125000000.0,9001000000.0,2876000000.0,66993140304.81,69869140304.81,15.2755,3.2832,10.9032,10.5304,0.4134,0.2074,0.0616,0.0616,0.4221,0.2182,Conservative (<0.5x),1.541,1.0388634879164,31.6748,13.6397,2.9566,14.255,0.96,0.023144714846142,0.057,0.9365,0.96,-0.1929,-0.2856
ABT,2016,Healthcare,1,Positive Return,49.536582752812656,Strong Outperformer (>20%),20853000000.0,0.022,Flat (0-5%),11759000000.0,3026000000.0,1400000000.0,0.94,0.94,0.5639,0.1046,0.1689999999999999,0.0671,Low (0-10%),0.0998,3203000000.0,2082000000.0,-1121000000.0,52666000000.0,31949000000.0,20717000000.0,18775000000.0,22006000000.0,3231000000.0,57493686873.15,60724686873.15,41.5426,2.7571,6.7985,17.183,0.0542,0.0676,0.0662,0.0662,1.0622,0.4178,Elevated (1-2x),4.02,3.3067567567568,5.0603,14.1185,0.9479,14.026,1.04,0.02804579425898,0.0087,-0.6835,-0.6803,0.0799,0.1218
ABT,2017,Healthcare,1,Positive Return,25.285908938302487,Strong Outperformer (>20%),27390000000.0,0.3135,High Growth (>15%),14981000000.0,1564000000.0,477000000.0,0.27,0.27,0.547,0.119,0.2289999999999999,0.0174,Low (0-10%),0.1619,5570000000.0,4435000000.0,-1135000000.0,76250000000.0,45152000000.0,31098000000.0,9610000000.0,27924000000.0,18314000000.0,102329914388.73,120643914388.73,217.7407,3.736,0.0,19.2108,0.0253,0.0153,0.0167,0.0167,0.8979,0.3662,Moderate (0.5-1x),2.261,1.667302513465,3.6051,15.7414,0.2741,17.872,1.06,0.018567526478709,0.2739999999999999,-0.6593,-0.7128,0.7390000000000001,1.1302
ABT,2018,Healthcare,1,Positive Return,27.05125022624156,Strong Outperformer (>20%),30578000000.0,0.1164,Moderate (5-15%),17872000000.0,3650000000.0,2368000000.0,1.34,1.33,0.5845,0.1221,0.2289999999999999,0.0774,Low (0-10%),0.1604,6300000000.0,4906000000.0,-1394000000.0,67173000000.0,36451000000.0,30722000000.0,4086000000.0,19566000000.0,15480000000.0,127035568204.56,142515568204.56,53.9776,4.1545,0.0,20.3274,0.1796,0.0771,0.042,0.042,0.6369,0.2913,Moderate (0.5-1x),1.624,1.0284065690191,4.5194,17.3936,1.347,17.476,1.12,0.0156600364309569,0.193,3.9644,3.963,0.1311,0.1062
ADBE,2014,Technology,1,Positive Return,29.859009119415536,Strong Outperformer (>20%),4147065000.0,0.0226,Flat (0-5%),3524985000.0,412685000.0,268395000.0,0.54,0.53,0.85,0.1015,0.177,0.0647,Low (0-10%),0.2747,1287482000.0,1139150000.0,-148332000.0,10785829000.0,4009924000.0,6775905000.0,3739491000.0,1514315000.0,-2225176000.0,36747080236.32,34521904236.32,136.4444,8.861,23.1661,46.9879,0.0928,0.0396,0.05,0.05,0.2235,0.1404,Conservative (<0.5x),1.845,1.7363815854091,7.05,8.3297,0.5391,13.61,0.0,-0.0,0.0162,-0.0745,-0.069,0.1179,0.1535
ADBE,2015,Technology,1,Positive Return,11.93867085115074,Outperformer (5-20%),4795511000.0,0.1564,High Growth (>15%),4051194000.0,903095000.0,629551000.0,1.26,1.24,0.8448,0.1956,0.266,0.1313,Medium (10-20%),0.2799,1469502000.0,1342345000.0,-127157000.0,11726472000.0,4724892000.0,7001580000.0,3988084000.0,1907231000.0,-2080853000.0,45974335997.33,43893482997.33,73.1508,9.587,40.8431,34.3606,0.1854,0.0899,0.1022,0.1022,0.2724,0.1626,Conservative (<0.5x),2.178,2.1052505561188,14.6137,9.6148,1.2622,14.038,0.0,-0.0,0.1493,1.3456,1.3333,0.1414,0.1784
ADBE,2016,Technology,1,Positive Return,69.34673348309497,Strong Outperformer (>20%),5854430000.0,0.2208,High Growth (>15%),5034522000.0,1493602000.0,1168782000.0,2.35,2.32,0.86,0.2572,0.314,0.1996,Medium (10-20%),0.3409,2199728000.0,1995923000.0,-203805000.0,12697246000.0,5272411000.0,7424835000.0,4761300000.0,1892200000.0,-2869100000.0,49588450704.6,46719350704.6,42.4383,8.4702,30.8219,25.4308,0.304,0.1574,0.1822,0.1822,0.2548,0.149,Conservative (<0.5x),2.077,1.9897081235651,21.3733,11.7477,2.3453,14.899,0.0,-0.0,0.2427,0.8565,0.8651,0.4969,0.4869
ADBE,2017,Technology,1,Positive Return,27.31570589675355,Strong Outperformer (>20%),7301505000.0,0.2472,High Growth (>15%),6291014000.0,2168095000.0,1693954000.0,3.43,3.38,0.8616,0.303,0.348,0.2319999999999999,High (≥20%),0.3745,2912853000.0,2734731000.0,-178122000.0,14535556000.0,6075687000.0,8459869000.0,5819774000.0,1881421000.0,-3938353000.0,88493129873.28,84554776873.28,52.3382,12.1198,39.2179,33.315,0.3637,0.2002,0.2612,0.2612,0.2224,0.1294,Conservative (<0.5x),2.055,1.9951319038049,29.731,14.7914,3.4316,17.137999999999998,0.0,-0.0,0.2496,0.4493,0.4596,0.3242,0.3702
ADBE,2018,Technology,1,Positive Return,46.86288765286307,Strong Outperformer (>20%),9030008000.0,0.2367,High Growth (>15%),7835009000.0,2840369000.0,2590774000.0,5.28,5.2,0.8677,0.3193,0.358,0.2869,High (≥20%),0.4167,4029304000.0,3762725000.0,-266579000.0,18768682000.0,9406568000.0,9362114000.0,3228962000.0,4124800000.0,895838000.0,122467820589.03,123363658589.03,47.517,13.5623,0.0,38.1977,1.5885,0.2767,0.158,0.158,0.4406,0.2198,Conservative (<0.5x),1.129,1.0565930874845,32.3067,18.4074,5.2812,19.084,0.0,-0.0,0.2454,0.5294,0.5394,0.3833,0.3759
AEP,2014,Utilities,0,Negative/Flat Return,-1.0772038468209706,Neutral (-5% to 5%),16378600000.0,0.1057,Moderate (5-15%),5025000000.0,3127400000.0,1633800000.0,3.34,3.34,0.3068,0.2079,0.324,0.0998,Low (0-10%),0.0295,4613500000.0,483500000.0,-4130000000.0,59544600000.0,42720100000.0,16820200000.0,548100000.0,19858400000.0,19310300000.0,29706682006.32,49016982006.32,18.1796,1.8137,1.7718,9.245,0.0407,0.0971,0.0356,0.0356,1.1806,0.3335,Elevated (1-2x),0.562,0.29916149925941,3.9221,33.522,3.3439,34.426,2.03,0.039473702491576,0.0554,0.1035,0.0987,0.1237,-0.0119
AEP,2015,Utilities,1,Positive Return,11.80971788679073,Outperformer (5-20%),16453200000.0,0.0046,Flat (0-5%),5343200000.0,3333500000.0,2047100000.0,4.17,4.17,0.3248,0.2334,0.356,0.1244,Medium (10-20%),0.0189,4818500000.0,310500000.0,-4508000000.0,61683100000.0,43778200000.0,17891700000.0,563200000.0,20372700000.0,19809500000.0,28599930014.54,48409430014.54,13.9736,1.7383,1.6035,8.2747,0.0475,0.1144,0.0368,0.0368,1.1387,0.3303,Elevated (1-2x),0.573,0.31000914398256,4.3948,33.5546,4.1749,36.488,2.15,0.041911721944235,0.0633,0.253,0.2485,0.0444,-0.3578
AEP,2016,Utilities,1,Positive Return,21.33624307537351,Strong Outperformer (>20%),16380100000.0,-0.0044,Declining,5394000000.0,1163900000.0,610900000.0,1.24,1.24,0.3293,0.0863,0.206,0.0373,Low (0-10%),-0.016,4519300000.0,-261800000.0,-4781100000.0,63467700000.0,46047600000.0,17397000000.0,542200000.0,21969400000.0,21427200000.0,30859815811.08,52287015811.08,50.6129,1.884,1.7792,15.4846,0.0145,0.0351,0.0125,0.0125,1.2628,0.3462,Elevated (1-2x),0.635,0.25888608128027,1.6124,33.3271,1.2429,35.396,2.27,0.039671436953649,0.0095,-0.7016,-0.7026,-0.0621,-1.8432
AEP,2017,Utilities,1,Positive Return,7.072547774221606,Outperformer (5-20%),15424900000.0,-0.0583,Declining,5382900000.0,3525000000.0,1912600000.0,3.89,3.88,0.349,0.2449,0.374,0.124,Medium (10-20%),0.0479,4270400000.0,738700000.0,-3531700000.0,64729100000.0,46403600000.0,18287000000.0,574300000.0,22811900000.0,22237600000.0,35617312257.67,57854912257.67,18.6144,2.3091,1.9534,10.019,0.0414,0.1046,0.0372,0.0372,1.2474,0.3524,Elevated (1-2x),0.514,0.2980547193307,4.2204,31.3632,3.8889,37.183,2.39,0.035297353876199,-0.0021,2.1308,2.1371,-0.0551,3.8216
AEP,2018,Utilities,1,Positive Return,33.74042948336133,Strong Outperformer (>20%),16195700000.0,0.05,Flat (0-5%),5039900000.0,2682700000.0,1923800000.0,3.9,3.9,0.3112,0.1867,0.3279999999999999,0.1188,Medium (10-20%),-0.0672,5223200000.0,-1087700000.0,-6310900000.0,68802800000.0,49634600000.0,19028400000.0,603200000.0,25256700000.0,24653500000.0,36854953729.98,61508453729.98,19.1641,2.2756,1.9424,11.5833,0.038,0.1011,0.0266,0.0266,1.3273,0.3671,Elevated (1-2x),0.476,0.29249144389973,3.0714,32.8663,3.904,38.615,2.53,0.034657211996454,-0.0637,0.0059,0.0026,0.2231,-2.4725
AMGN,2014,Healthcare,1,Positive Return,3.565378509741989,Neutral (-5% to 5%),20063000000.0,0.0743,Moderate (5-15%),15641000000.0,6191000000.0,5158000000.0,6.8,6.7,0.7796,0.3318,0.436,0.2571,High (≥20%),0.4106,8952000000.0,8237000000.0,-715000000.0,69009000000.0,43231000000.0,25778000000.0,27026000000.0,30715000000.0,3689000000.0,121167124300.0,124856124300.0,23.425,6.0393,0.0,14.2725,0.1566,0.2001,0.1091,0.1091,1.1915,0.4451,Elevated (1-2x),4.953,4.2197488584475,6.2148,26.4335,6.7958,33.963,2.44,0.017240531014167,0.0203,0.0152,0.0074,0.423,0.4662
AMGN,2015,Healthcare,0,Negative/Flat Return,-5.226534684687649,Underperformer (-5% to -20%),21662000000.0,0.0797,Moderate (5-15%),17435000000.0,8470000000.0,6939000000.0,9.15,9.06,0.8049,0.4188,0.516,0.3203,High (≥20%),0.4344,9731000000.0,9411000000.0,-320000000.0,71449000000.0,43366000000.0,28083000000.0,31382000000.0,31429000000.0,47000000.0,122450042487.78,122497042487.78,17.741,5.6528,73.7596,10.9558,0.1996,0.2471,0.1573,0.1573,1.1191,0.4399,Elevated (1-2x),4.445,3.9677977839335,8.2858,28.5778,9.1544,37.049,3.16,0.02149595350159,0.1147,0.3453,0.3456,0.087,0.1425
AMGN,2016,Healthcare,1,Positive Return,18.601762739583467,Outperformer (5-20%),22991000000.0,0.0614,Moderate (5-15%),18829000000.0,9794000000.0,7722000000.0,10.32,10.24,0.8190000000000001,0.4534,0.545,0.3359,High (≥20%),0.4183,10354000000.0,9616000000.0,-738000000.0,77626000000.0,47751000000.0,29875000000.0,38085000000.0,34596000000.0,-3489000000.0,112131434355.29,108642434355.29,14.6056,4.8772,22.8973,8.672,0.1942,0.2585,0.187,0.187,1.158,0.4457,Elevated (1-2x),4.107,3.681720813995,8.2722,30.7366,10.3235,39.94,4.0,0.0286001036846289,0.08,0.1128,0.1279,0.064,0.0218
AMGN,2017,Healthcare,1,Positive Return,13.214873214297144,Outperformer (5-20%),22849000000.0,-0.0062,Declining,18780000000.0,9973000000.0,1979000000.0,2.71,2.69,0.8219,0.4771,0.563,0.0866,Low (0-10%),0.4601,11177000000.0,10513000000.0,-664000000.0,79954000000.0,54713000000.0,25241000000.0,41678000000.0,35342000000.0,-6336000000.0,128486171775.0,122150171775.0,65.3137,5.6233,68.5863,9.5014,0.0435,0.0784,0.205,0.205,1.4002,0.442,Elevated (1-2x),5.485,4.9794900221729,8.3597,31.2572,2.7073,34.529,4.6,0.02721073261549,-0.0026,-0.7437,-0.7374,0.0795,0.0933
AMGN,2018,Healthcare,1,Positive Return,29.44296743197752,Strong Outperformer (>20%),23747000000.0,0.0393,Flat (0-5%),19646000000.0,10263000000.0,8394000000.0,12.7,12.62,0.8273,0.4606,0.5429999999999999,0.3535,High (≥20%),0.4446,11296000000.0,10558000000.0,-738000000.0,66416000000.0,53916000000.0,12500000000.0,29304000000.0,33929000000.0,4625000000.0,124047470229.48,128672470229.48,15.3283,5.2237,0.0,9.9878,0.2886,0.6715,0.2287,0.2287,2.7143,0.5109,High (>2x),2.789,2.4380189798339,7.857,35.9259,12.6989,18.911,5.28,0.027701521294484,0.0461,3.2415,3.6863,0.0106,0.0043
AMT,2014,Communication Services,0,Negative/Flat Return,-0.8217446056874892,Neutral (-5% to 5%),4100048000.0,0.2197,High Growth (>15%),3005783000.0,1486922000.0,824910000.0,2.02,2.0,0.7331,0.358,0.603,0.2012,High (≥20%),0.283,2134589000.0,1160185000.0,-974404000.0,21263565000.0,17210213000.0,3953560000.0,480000000.0,14540341000.0,14060341000.0,39190357269.6,53250698269.6,48.9356,9.5585,0.0,21.5463,0.1246,0.2086,0.0473,0.0473,3.6778,0.6838,High (>2x),0.496,0.3519364240936699,2.5294,10.3548,2.0833,9.985,1.4,0.011264881220226,0.2016,0.4529,0.4429,0.3349,0.3267
AMT,2015,Communication Services,1,Positive Return,11.511971788092222,Outperformer (5-20%),4771500000.0,0.1638,High Growth (>15%),3462700000.0,1612800000.0,685100000.0,1.42,1.41,0.7257,0.3016,0.5710000000000001,0.1436,Medium (10-20%),0.3014,2166900000.0,1438100000.0,-728800000.0,26904272000.0,20191454000.0,6651679000.0,462879000.0,17119009000.0,16656130000.0,41065128175.4,57721258175.4,68.2746,8.6063,0.0,21.1876,0.0709,0.103,0.04,0.04,2.5736,0.6363,High (>2x),0.83,0.57518026647689,2.4148,11.3904,1.6354,15.879,1.81,0.018706937518455,0.152,-0.2573,-0.297,0.0151,0.2395
AMT,2016,Communication Services,1,Positive Return,37.105091735034144,Strong Outperformer (>20%),5785700000.0,0.2126,High Growth (>15%),3995300000.0,1853000000.0,956400000.0,2.0,1.98,0.6905,0.318,0.5820000000000001,0.1653,Medium (10-20%),0.349,2701700000.0,2019200000.0,-682500000.0,30879200000.0,22811700000.0,6763900000.0,940500000.0,18533500000.0,17593000000.0,45186764534.45,62779764534.45,53.075,7.8101,0.0,18.6539,0.0904,0.1414,0.0425,0.0425,2.7401,0.6002,High (>2x),1.036,0.7655857291730501,2.5273,13.6088,2.2496,15.91,2.17,0.020565180280306,0.1538,0.4276,0.4085,0.2468,0.4041
AMT,2017,Communication Services,1,Positive Return,14.559859386600134,Outperformer (5-20%),6663900000.0,0.1518,High Growth (>15%),4607300000.0,1998400000.0,1238900000.0,2.69,2.67,0.6914,0.3046,0.562,0.1859,Medium (10-20%),0.3184,2925600000.0,2122000000.0,-803600000.0,33214300000.0,25260000000.0,6241500000.0,955900000.0,20205100000.0,19249200000.0,60524500344.88,79773700344.88,52.4647,9.0824,0.0,21.2963,0.1166,0.1985,0.0434,0.0434,3.2372,0.6083,High (>2x),0.8109999999999999,0.58496875124398,2.6696,15.5633,2.8934,14.577,2.62,0.018231279909178,0.1532,0.3558,0.345,0.0829,0.0509
AMT,2018,Communication Services,1,Positive Return,49.23400757471271,Strong Outperformer (>20%),7440100000.0,0.1165,Moderate (5-15%),5262300000.0,1905000000.0,1236400000.0,2.79,2.77,0.7073,0.2623,0.546,0.1662,Medium (10-20%),0.3811,3748300000.0,2835100000.0,-913200000.0,33010400000.0,26106000000.0,5336100000.0,1304900000.0,21159900000.0,19855000000.0,69680774731.59,89535774731.59,56.6989,9.3656,0.0,22.0396,0.1383,0.2317,0.0422,0.0422,3.9654,0.6409999999999999,High (>2x),0.509,0.3761061003432899,2.3646,16.9245,2.8125,12.138,3.15,0.019119331857555,0.1422,0.0656,0.0372,0.2812,0.3361
AMZN,2014,Technology,1,Positive Return,119.07495096484196,Strong Outperformer (>20%),88988000000.0,0.1952,High Growth (>15%),26236000000.0,178000000.0,-241000000.0,-0.52,-0.52,0.2948,0.0015,0.055,-0.0027,Negative,0.0219,6842000000.0,1949000000.0,-4893000000.0,54505000000.0,43764000000.0,10741000000.0,17416000000.0,8265000000.0,-9151000000.0,143694052378.2,134543052378.2,0.0,1.6148,19.4439,27.559,-0.0119,-0.0224,0.0124,0.0124,0.7695,0.1516,Moderate (0.5-1x),1.115,0.81982270639752,0.6476,192.6147,-0.5216,23.249,0.0,-0.0,0.2943,-1.8796,-1.8667,0.2497,-0.0404
AMZN,2015,Technology,1,Positive Return,17.720844379560702,Outperformer (5-20%),107006000000.0,0.2025,High Growth (>15%),35355000000.0,2233000000.0,596000000.0,1.28,1.25,0.3304,0.0187,0.077,0.0056,Low (0-10%),0.0696,12039000000.0,7450000000.0,-4589000000.0,64747000000.0,51363000000.0,13384000000.0,19808000000.0,8227000000.0,-11581000000.0,316831551559.45,305250551559.45,528.0391,2.9609,32.7938,36.8393,0.0252,0.0445,0.1263,0.1263,0.6147,0.1271,Moderate (0.5-1x),1.054,0.75137958509163,4.3682,229.1349,1.2762,28.66,0.0,-0.0,0.3476,3.4730000000000003,3.4615,0.7596,2.8225
AMZN,2016,Technology,1,Positive Return,55.17003426187078,Strong Outperformer (>20%),135987000000.0,0.2708,High Growth (>15%),47722000000.0,4186000000.0,2371000000.0,5.01,4.9,0.3509,0.0315,0.091,0.0174,Low (0-10%),0.077,17203000000.0,10466000000.0,-6737000000.0,83402000000.0,64117000000.0,19285000000.0,25981000000.0,7694000000.0,-18287000000.0,358118756404.09,339831756404.09,150.4331,2.6335,23.1921,27.4146,0.0763,0.1229,0.1923,0.1923,0.3989999999999999,0.0923,Conservative (<0.5x),1.045,0.7832755157933199,8.843,286.8924,5.0021,40.686,0.0,-0.0,0.3498,2.9782,2.9141,0.4289,0.4048
AMZN,2017,Technology,1,Positive Return,26.321053512340907,Strong Outperformer (>20%),177866000000.0,0.308,High Growth (>15%),65932000000.0,4106000000.0,3033000000.0,6.32,6.15,0.3707,0.0261,0.091,0.0171,Low (0-10%),0.0467,18365000000.0,8307000000.0,-10058000000.0,131310000000.0,103601000000.0,27709000000.0,30986000000.0,24743000000.0,-6243000000.0,572950834796.75,566707834796.75,188.1345,3.2212,39.9953,35.1381,0.0593,0.1095,0.0605,0.0605,0.893,0.1884,Moderate (0.5-1x),1.04,0.7627455384137,5.4835,370.5542,6.3188,57.727,0.0,-0.0,0.3816,0.2792,0.2615,0.0675,-0.2063
AMZN,2018,Technology,1,Positive Return,20.057432442882227,Strong Outperformer (>20%),232887000000.0,0.3093,High Growth (>15%),93731000000.0,12421000000.0,10073000000.0,20.68,20.14,0.4025,0.0545,0.12,0.0433,Low (0-10%),0.0833,30723000000.0,19400000000.0,-11323000000.0,162648000000.0,119099000000.0,43549000000.0,41250000000.0,33145000000.0,-8105000000.0,734416210197.16,726311210197.16,72.6291,3.1535,25.3772,25.9138,0.147,0.2313,0.1465,0.1465,0.7611,0.2038,Moderate (0.5-1x),1.098,0.8469974119401701,8.9534,478.2074,20.6838,89.42299999999999,0.0,-0.0,0.4216,2.3211,2.2722,0.6729,1.3354
APD,2014,Basic Materials,0,Negative/Flat Return,-8.21974930187479,Underperformer (-5% to -20%),10439000000.0,0.0254,Flat (0-5%),2809100000.0,1339100000.0,991700000.0,4.66,4.61,0.2691,0.1424,0.2339999999999999,0.095,Low (0-10%),0.0793,2190100000.0,827400000.0,-1362700000.0,17779100000.0,9970500000.0,7365800000.0,336600000.0,6118500000.0,5781900000.0,25652524950.1365,31434424950.1365,25.8424,2.4574,4.6661,12.8666,0.1005,0.1346,0.0546,0.0546,0.8307,0.3441,Moderate (0.5-1x),1.112,0.84407694903814,11.8801,49.0785,4.6624,34.63,3.02,0.0253688046353479,0.0372,-0.0025,-0.0169,0.4101,27.6298
APD,2015,Basic Materials,1,Positive Return,24.220298510661483,Strong Outperformer (>20%),7824300000.0,-0.2505,Declining,2226100000.0,1233200000.0,1277900000.0,5.95,5.88,0.2845,0.2148,0.325,0.1633,Medium (10-20%),0.1131,2047000000.0,884600000.0,-1162400000.0,17334500000.0,9953400000.0,7249000000.0,206400000.0,5879000000.0,5672600000.0,25372314860.0004,31044914860.0004,19.8354,3.2428,4.5278,12.2253,0.1619,0.1763,0.0504,0.0504,0.8109999999999999,0.3392,Moderate (0.5-1x),0.767,0.56714411151356,16.3512,36.409,5.9465,33.732,3.2,0.0270320970374189,-0.2075,0.2886,0.2768,-0.0653,0.0691
APD,2016,Basic Materials,1,Positive Return,18.114728180677083,Outperformer (5-20%),7503700000.0,-0.0409999999999999,Declining,2326400000.0,1535100000.0,631100000.0,2.92,2.89,0.31,0.1571,0.271,0.0841,Low (0-10%),0.1801,2258800000.0,1351100000.0,-907700000.0,18028600000.0,10815200000.0,7079600000.0,1293200000.0,5210900000.0,3917700000.0,30116628428.8296,34034328428.8296,47.6284,4.0136,5.169,16.7368,0.0679,0.0891,0.0656,0.0656,0.736,0.289,Moderate (0.5-1x),1.315,0.92662422710243,10.2335,34.6751,2.9164,32.715,3.39,0.023808149824679,0.0451,-0.5061,-0.5092,0.1035,0.5274
APD,2017,Basic Materials,0,Negative/Flat Return,-0.6056316550036429,Neutral (-5% to 5%),8187600000.0,0.0911,Moderate (5-15%),2436100000.0,1440000000.0,3000400000.0,13.76,13.65,0.2975,0.4131,0.519,0.3665,High (≥20%),0.1825,2534100000.0,1494400000.0,-1039700000.0,18467200000.0,8281700000.0,10086200000.0,3677600000.0,3962800000.0,285200000.0,33173111561.8,33458311561.8,11.061,4.0516,3.6932,7.8768,0.2537,0.2975,0.0705,0.0705,0.3929,0.2146,Conservative (<0.5x),2.361,2.1453194053837,28.0423,37.5578,13.7633,46.267,3.62,0.024854247613314,0.0472,3.7542,3.7123,0.1219,0.1061
APD,2018,Basic Materials,1,Positive Return,50.44988999302375,Strong Outperformer (>20%),8930200000.0,0.0907,Moderate (5-15%),2740700000.0,1965600000.0,1497800000.0,6.83,6.78,0.3069,0.241,0.35,0.1677,Medium (10-20%),0.1104,2554700000.0,986300000.0,-1568400000.0,19178300000.0,8002000000.0,10857500000.0,2976000000.0,3812600000.0,836600000.0,37151338997.28,37987938997.28,24.8067,4.1602,3.8583,12.1628,0.1182,0.138,0.0877,0.0877,0.3511,0.1988,Conservative (<0.5x),2.173,1.9486378993286,16.495,40.7214,6.8299,49.51,5.2,0.024478846142685,0.125,-0.5008,-0.5036,0.0081,-0.34
AXP,2014,Financial Services,0,Negative/Flat Return,-24.193148260264028,Heavy Decline (<-20%),32144000000.0,0.0356,Flat (0-5%),32144000000.0,8991000000.0,5885000000.0,5.58,5.56,1.0,0.2797,0.311,0.1831,Medium (10-20%),0.3047,10990000000.0,9795000000.0,-1195000000.0,159103000000.0,138430000000.0,20673000000.0,,61435000000.0,,96266302769.52,113232858295.0,16.6738,2.9948,4.7031,12.3173,,0.2847,,,2.9718,0.3861,High (>2x),,,0.0,30.7598,5.6316,19.783,0.98,0.0114955906431439,0.0356,0.0982,0.1365,0.2858,0.2989
AXP,2015,Financial Services,1,Positive Return,11.730912810560367,Outperformer (5-20%),30830000000.0,-0.0409,Declining,30830000000.0,7938000000.0,5163000000.0,5.07,5.05,1.0,0.2575,0.291,0.1675,Medium (10-20%),0.3038,10706000000.0,9365000000.0,-1341000000.0,161184000000.0,140511000000.0,20673000000.0,42589000000.0,52873000000.0,,68454303944.65,113232858295.0,13.7179,2.2204,3.3609,12.3173,,0.2497,,,2.5576,0.3279999999999999,High (>2x),1.8193212931099,1.1213483710532,0.0,30.8609,5.1682,20.694000000000003,1.1,0.017862552843932,-0.0409,-0.1227,-0.0914,-0.0258,-0.0439
AXP,2016,Financial Services,1,Positive Return,33.92049612708921,Strong Outperformer (>20%),33411000000.0,0.0837,Moderate (5-15%),33411000000.0,8042000000.0,5375000000.0,5.63,5.61,1.0,0.2407,0.273,0.1609,Medium (10-20%),0.207,8291000000.0,6916000000.0,-1375000000.0,158893000000.0,138392000000.0,20501000000.0,47138000000.0,52571000000.0,,68964492807.65,113232858295.0,13.3837,2.0641,3.4292,12.3173,,0.2622,,,2.5643,0.3309,High (>2x),1.8167064621985,1.2412503032547,0.0,35.8103,5.761,21.973000000000003,1.19,0.0178347093616899,0.0837,0.0411,0.1105,-0.2256,-0.2615
AXP,2017,Financial Services,0,Negative/Flat Return,-2.255999408630176,Neutral (-5% to 5%),34118000000.0,0.0212,Flat (0-5%),34118000000.0,7425000000.0,2748000000.0,3.0,2.99,1.0,0.2176,0.256,0.0805,Low (0-10%),0.3657,13540000000.0,12478000000.0,-1062000000.0,181196000000.0,162935000000.0,18261000000.0,60706000000.0,59082000000.0,,85879548975.0,113232858295.0,32.98,2.5171,4.7842,12.3173,,0.1505,,,3.2354,0.3261,High (>2x),1.7691887316096002,1.2584357553872,0.0,38.6387,3.1121,20.681,1.31,0.014638970634486,0.0212,-0.4887,-0.4671,0.6331,0.8042
AXP,2018,Financial Services,1,Positive Return,32.01876328800341,Strong Outperformer (>20%),36986000000.0,0.0841,Moderate (5-15%),36986000000.0,8122000000.0,6921000000.0,7.93,7.91,1.0,0.2196,0.255,0.1871,Medium (10-20%),0.206,8930000000.0,7620000000.0,-1310000000.0,188602000000.0,166312000000.0,22290000000.0,51637000000.0,61523000000.0,19599000000.0,81428235061.96,115442235061.96,12.0202,2.2016,3.6606,12.2615,,0.3105,,,2.7601,0.3262,High (>2x),1.8204959239852,1.1676852275022,0.0,43.2079,8.0853,26.04,1.44,0.016350770925018,0.0841,1.5186,1.6433,-0.3405,-0.3893
BA,2014,Industrials,1,Positive Return,14.091453712523975,Outperformer (5-20%),90762000000.0,0.0478,Flat (0-5%),14010000000.0,7483000000.0,5446000000.0,7.47,7.38,0.1544,0.0823,0.103,0.06,Low (0-10%),0.0733,8858000000.0,6656000000.0,-2202000000.0,92921000000.0,84131000000.0,8665000000.0,13092000000.0,9070000000.0,-4022000000.0,92666701060.82,88644701060.82,17.4003,1.021,136.8784,9.4544,0.1783,0.6285,0.1443,0.1443,1.0467,0.0976,Elevated (1-2x),1.405,0.5055045300935,22.4324,127.3083,7.6389,12.154000000000002,2.92,0.025632500885813,0.049,0.1878,0.2388,0.083,0.0855
BA,2015,Industrials,1,Positive Return,15.433863604602411,Outperformer (5-20%),96114000000.0,0.059,Moderate (5-15%),14026000000.0,7444000000.0,5176000000.0,7.52,7.44,0.1459,0.0773,0.096,0.0539,Low (0-10%),0.0724,9363000000.0,6955000000.0,-2408000000.0,94408000000.0,88011000000.0,6335000000.0,12052000000.0,9964000000.0,-2088000000.0,96872933206.29,94784933206.29,19.2274,1.0079,0.0,10.2326,0.1731,0.8170000000000001,0.1405,0.1405,1.5728,0.1055,Elevated (1-2x),1.354,0.48272236769023,27.0182,143.4572,7.7256,9.455,3.64,0.02815202062897,0.0011,-0.0496,0.0067,0.057,0.0449
BA,2016,Industrials,1,Positive Return,93.11482627129332,Strong Outperformer (>20%),93496000000.0,-0.0272,Declining,14470000000.0,6534000000.0,5034000000.0,7.92,7.83,0.1548,0.0651,0.085,0.0538,Low (0-10%),0.0847,10496000000.0,7921000000.0,-2575000000.0,89997000000.0,89120000000.0,817000000.0,10029000000.0,9952000000.0,-77000000.0,96876531636.94,96799531636.94,19.8194,1.0362,0.0,12.1333,0.2001,6.1616,0.1354,0.1354,12.1812,0.1106,High (>2x),1.246,0.46000718075558,19.8987,151.4925,8.1566,1.324,4.36,0.030137650218952,0.0317,-0.0274,0.0532,0.121,0.1389
BA,2017,Industrials,1,Positive Return,10.776712741425449,Outperformer (5-20%),94005000000.0,0.0054,Flat (0-5%),17393000000.0,10323000000.0,8458000000.0,14.03,13.85,0.185,0.1113,0.133,0.09,Low (0-10%),0.1245,13346000000.0,11699000000.0,-1647000000.0,112362000000.0,110649000000.0,1656000000.0,9992000000.0,11117000000.0,1125000000.0,176791528767.32,177916528767.32,21.1575,1.8807,0.0,14.2174,0.3643,5.1075,0.2225,0.2225,6.7132,0.0989,High (>2x),1.141,0.3234513985639299,29.075,157.8381,14.2013,2.78,5.68,0.01992000008105,0.2019999999999999,0.6802,0.7715,0.2715,0.477
BA,2018,Industrials,1,Positive Return,2.9201564729036003,Neutral (-5% to 5%),101127000000.0,0.0758,Moderate (5-15%),19637000000.0,11912000000.0,10460000000.0,18.05,17.85,0.1942,0.1194,0.14,0.1034,Medium (10-20%),0.1357,15322000000.0,13720000000.0,-1602000000.0,117359000000.0,116949000000.0,339000000.0,8564000000.0,13847000000.0,5283000000.0,183143031502.5,188426031502.5,17.867,1.811,0.0,13.276,0.5539,30.8555,0.2455,0.2455,40.8466,0.118,High (>2x),1.0759999999999998,0.3106508150508599,25.4295,178.0764,18.4192,0.597,6.84,0.021778651349152,0.129,0.2367,0.2865,0.1481,0.1727
BAC,2014,Financial Services,0,Negative/Flat Return,-4.829020576408323,Neutral (-5% to 5%),85894000000.0,-0.0343,Declining,85894000000.0,10238000000.0,5520000000.0,0.43,0.42,1.0,0.0927,0.122,0.0643,Low (0-10%),0.3585,30795000000.0,30795000000.0,0.0,2104534000000.0,1861063000000.0,243471000000.0,,475588000000.0,,188139298836.74,91265942827.9199,41.6047,2.1904,1.1364,2.7888,,0.0227,,,1.9534,0.226,Elevated (1-2x),,,0.0,8.1588,0.5243,23.126,0.12,0.0131587992755689,-0.0343,-0.556,-0.5426,-0.6682,-0.6682
BAC,2015,Financial Services,1,Positive Return,36.615373714482175,Strong Outperformer (>20%),82965000000.0,-0.0341,Declining,82965000000.0,25348000000.0,15910000000.0,1.38,1.31,1.0,0.2674,0.296,0.1918,Medium (10-20%),0.3423,28397000000.0,28397000000.0,0.0,2144287000000.0,1888111000000.0,256176000000.0,559805000000.0,439153000000.0,,175242032862.93,91265942827.9199,12.1957,2.1122,0.9747,2.7888,,0.0621,,,1.7143,0.2048,Elevated (1-2x),0.39870813479015,0.37780272895524,0.0,7.9299,1.5207,24.486,0.2,0.021551472080255,-0.0341,2.2232,2.2093,-0.0779,-0.0779
BAC,2016,Financial Services,1,Positive Return,33.09555975555829,Strong Outperformer (>20%),83701000000.0,0.0089,Flat (0-5%),83701000000.0,28618000000.0,17822000000.0,1.57,1.49,1.0,0.2989,0.326,0.2129,High (≥20%),0.2064,17277000000.0,17277000000.0,0.0,2188067000000.0,1921872000000.0,266195000000.0,563908000000.0,411058000000.0,,227666701114.62,91265942827.9199,14.3503,2.72,1.1814,2.7888,,0.067,,,1.5442,0.1879,Elevated (1-2x),0.38691535211442,0.366464189425,0.0,8.1389,1.733,25.884,0.25,0.018922239788342,0.0089,0.1187,0.1377,-0.3916,-0.3916
BAC,2017,Financial Services,0,Negative/Flat Return,-16.076899331689738,Underperformer (-5% to -20%),87352000000.0,0.0436,Flat (0-5%),87352000000.0,32609000000.0,18232000000.0,1.63,1.56,1.0,0.3344,0.359,0.2087,High (≥20%),0.1129,9864000000.0,9864000000.0,0.0,2281234000000.0,2014088000000.0,267146000000.0,605234000000.0,436933000000.0,,311875348882.5,91265942827.9199,18.3436,3.5703,1.5799,2.7888,,0.0682,,,1.6356,0.1915,Elevated (1-2x),0.3938873462533,0.3743058841491,0.0,8.5676,1.7882,26.202,0.39,0.01924219626745,0.0436,0.0296,0.0382,-0.4291,-0.4291
BAC,2018,Financial Services,1,Positive Return,44.31598762467044,Strong Outperformer (>20%),91247000000.0,0.0446,Flat (0-5%),91247000000.0,37866000000.0,28147000000.0,2.64,2.61,1.0,0.379,0.402,0.3085,High (≥20%),0.4331,39520000000.0,39520000000.0,0.0,2354507000000.0,2089182000000.0,265325000000.0,711732000000.0,436569000000.0,-444365000000.0,241821810728.96,-33341189271.04,9.3333,2.6502,1.2364,0.0,,0.1061,,,1.6454,0.1854,Elevated (1-2x),0.41173975018571,0.41079879921765,0.0,9.0375,2.7878,26.279,0.54,0.0280075100901429,0.0446,0.6065,0.6196,3.0065,3.0065
BLK,2014,Financial Services,0,Negative/Flat Return,-2.127265759522705,Neutral (-5% to 5%),11081000000.0,0.0885,Moderate (5-15%),9913000000.0,4474000000.0,3294000000.0,19.58,19.25,0.8946,0.4203,0.45,0.2973,High (≥20%),0.2726,3087000000.0,3021000000.0,-66000000.0,239792000000.0,212272000000.0,27366000000.0,,8311000000.0,,59073916409.76,78277946565.12,18.2615,5.3311,0.0,12.9642,,0.1204,,,0.3037,0.0347,Conservative (<0.5x),,,20.0733,65.8701,19.5809,162.675,7.72,0.024933701093305,0.0872,0.1235,0.1364,-0.1524,-0.1485
BLK,2015,Financial Services,1,Positive Return,17.19153578100473,Outperformer (5-20%),11401000000.0,0.0289,Flat (0-5%),10177000000.0,4664000000.0,3345000000.0,20.1,19.79,0.8926,0.4209,0.447,0.2934,High (≥20%),0.2441,3004000000.0,2783000000.0,-221000000.0,225261000000.0,196217000000.0,28503000000.0,6231000000.0,4930000000.0,,55842740061.32,78277946565.12,16.9413,4.8981,0.0,12.9642,,0.1174,,,0.173,0.0219,Conservative (<0.5x),1.1877236363636,0.24634181818182,23.5245,68.5197,20.1034,171.30200000000002,8.72,0.0284792486855679,0.0266,0.0155,0.0266,-0.0269,-0.0788
BLK,2016,Financial Services,1,Positive Return,36.09262320173502,Strong Outperformer (>20%),12261000000.0,0.0754,Moderate (5-15%),9896000000.0,4565000000.0,3168000000.0,19.27,19.02,0.8071,0.3802,0.402,0.2584,High (≥20%),0.1757,2273000000.0,2154000000.0,-119000000.0,220177000000.0,190833000000.0,29098000000.0,6175000000.0,4915000000.0,,62628456988.35,78277946565.12,20.0535,5.1079,0.0,12.9642,,0.1089,,,0.1689,0.0223,Conservative (<0.5x),1.230885048442,0.27134066509557,22.7415,74.5686,19.267,176.967,9.16,0.025912653225832,-0.0276,-0.0529,-0.0413,-0.2433,-0.226
BLK,2017,Financial Services,0,Negative/Flat Return,-20.870498202340485,Heavy Decline (<-20%),13600000000.0,0.1092,Moderate (5-15%),11042000000.0,5254000000.0,4952000000.0,30.54,30.12,0.8119,0.3989999999999999,0.417,0.3641,High (≥20%),0.2789999999999999,3950000000.0,3795000000.0,-155000000.0,220241000000.0,187977000000.0,31798000000.0,7038000000.0,5014000000.0,,81604259984.17,78277946565.12,16.6657,6.0003,69.0312,12.9642,,0.1557,,,0.1577,0.0228,Conservative (<0.5x),1.3077370564282,0.35402123327516,26.4732,83.8675,30.5376,196.09,10.0,0.020961891141117,0.1158,0.5631,0.5848,0.7378,0.7618
BLK,2018,Financial Services,1,Positive Return,33.016666091989606,Strong Outperformer (>20%),14198000000.0,0.044,Flat (0-5%),11525000000.0,5457000000.0,4305000000.0,26.86,26.58,0.8117,0.392,0.407,0.3032,High (≥20%),0.2022,3075000000.0,2871000000.0,-204000000.0,159573000000.0,126033000000.0,32374000000.0,6753000000.0,5063000000.0,-2509000000.0,61952540579.34,60527540579.34,14.6247,4.3635,61.8406,10.4628,,0.133,,,0.1564,0.0317,Conservative (<0.5x),1.3770210988093,0.39314810946313,30.2446,88.5708,26.8557,201.957,12.093,0.0317318363995589,0.0437,-0.1307,-0.1205,-0.2215,-0.2435
C,2014,Financial Services,0,Negative/Flat Return,-4.346776432437388,Neutral (-5% to 5%),77219000000.0,0.0065,Flat (0-5%),69752000000.0,14701000000.0,7310000000.0,2.21,2.2,0.9033,0.1879,0.2339999999999999,0.0947,Low (0-10%),0.5644,46343000000.0,43580000000.0,-2763000000.0,1842181000000.0,1630485000000.0,210185000000.0,,454853000000.0,,163925608233.52,156708533389.88,24.4842,2.1229,0.9087,5.8732,,0.0348,,,2.1641,0.2469,High (>2x),,,0.0,25.4714,2.4113,69.331,0.04,0.0041052464286418,0.0226,-0.4648,-0.492,-0.2672,-0.2793
C,2015,Financial Services,1,Positive Return,17.308756201493953,Outperformer (5-20%),76354000000.0,-0.0112,Declining,68441000000.0,24826000000.0,17242000000.0,5.41,5.4,0.8964,0.3233,0.369,0.2258,High (≥20%),0.4861,39737000000.0,37116000000.0,-2621000000.0,1731210000000.0,1508118000000.0,221857000000.0,464944000000.0,368850000000.0,,154162756305.0,156708533389.88,9.5656,2.0191,0.7919,5.8732,,0.0777,,,1.6626,0.2131,Elevated (1-2x),0.49957863368367,0.39463198538836,0.0,25.4174,5.7397,73.854,0.16,0.0085498170436046,-0.0188,1.3587,1.4480000000000002,-0.1425,-0.1483
C,2016,Financial Services,1,Positive Return,24.594713787721584,Strong Outperformer (>20%),70797000000.0,-0.0728,Declining,63815000000.0,21477000000.0,14912000000.0,4.72,4.72,0.9014,0.3017,0.354,0.2106,High (≥20%),0.7295,53733000000.0,51644000000.0,-2089000000.0,1792077000000.0,1565934000000.0,225120000000.0,534758000000.0,378700000000.0,,172665155726.32,156708533389.88,12.8369,2.4389,0.8663,5.8732,,0.0662,,,1.6822,0.2113,Elevated (1-2x),0.51734963343244,0.43369851587844,0.0,24.5133,5.1633,77.947,0.42,0.013736250006086,-0.0676,-0.1351,-0.1275,0.3522,0.3914
C,2017,Financial Services,0,Negative/Flat Return,-28.438173894529854,Heavy Decline (<-20%),72444000000.0,0.0233,Flat (0-5%),64993000000.0,22761000000.0,-6798000000.0,-2.98,-2.98,0.8971,0.3118,0.362,-0.0938,Negative,-0.1623,-8774000000.0,-11758000000.0,-2984000000.0,1842465000000.0,1640793000000.0,200740000000.0,542071000000.0,437438000000.0,,196607988645.64,156708533389.88,0.0,2.7139,1.118,5.8732,,-0.0339,,,2.1791,0.2374,High (>2x),0.5228500819932,0.43090412252434,0.0,26.846,-2.5192,74.389,0.96,0.019603084023882,0.0185,-1.4559,-1.6314,-1.1633,-1.2277
C,2018,Financial Services,1,Positive Return,53.48648158207718,Strong Outperformer (>20%),72854000000.0,0.0057,Flat (0-5%),65286000000.0,23445000000.0,18045000000.0,6.69,6.68,0.8961,0.3212,0.373,0.2477,High (≥20%),0.4583,36952000000.0,33390000000.0,-3562000000.0,1917383000000.0,1720309000000.0,196220000000.0,596041000000.0,442113000000.0,-344261000000.0,127137642484.78,-26790357515.22,7.7818,1.7451,0.7398,0.0,,0.092,,,2.2531,0.2306,High (>2x),0.5148774545621699,0.4332577951495,0.0,29.2199,7.2374,78.699,1.54,0.039197130801071,0.0045,3.6545,3.245,5.2115,3.8398
CAT,2014,Industrials,0,Negative/Flat Return,-23.26703294269905,Heavy Decline (<-20%),55184000000.0,-0.0085,Declining,13842000000.0,3314000000.0,2452000000.0,3.97,3.9,0.2508,0.0657,0.123,0.0444,Low (0-10%),0.1012,8057000000.0,5582000000.0,-2475000000.0,84681000000.0,67855000000.0,16746000000.0,7341000000.0,39285000000.0,31944000000.0,55412158937.22,87356158937.22,23.0554,1.0041,8.0981,12.8635,0.0889,0.1464,0.034,0.034,2.3459,0.4639,High (>2x),1.394,1.438928148653,7.4959,89.4102,3.9728,27.132,2.6,0.033035174919481,-0.0253,-0.3529,-0.3237,-0.2094,-0.1528
CAT,2015,Industrials,1,Positive Return,43.89382348503098,Strong Outperformer (>20%),47011000000.0,-0.1481,Declining,12878000000.0,3785000000.0,2512000000.0,4.23,4.18,0.2739,0.0837,0.148,0.0534,Low (0-10%),0.0893,6699000000.0,4198000000.0,-2501000000.0,78342000000.0,63457000000.0,14809000000.0,6460000000.0,38013000000.0,31553000000.0,39568609115.96,71121609115.96,16.0662,0.8417,7.517,10.1879,0.1076,0.1696,0.0405,0.0405,2.5669,0.4852,High (>2x),1.277,1.4086959835378,7.7613,79.1031,4.2268,24.918000000000003,2.94,0.048307426243476,-0.0696,0.0245,0.0655,-0.1685,-0.2479
CAT,2016,Industrials,1,Positive Return,72.70580259228646,Strong Outperformer (>20%),38537000000.0,-0.1803,Declining,9897000000.0,1162000000.0,-67000000.0,-0.11,-0.11,0.2568,0.0163,0.095,-0.0017,Negative,0.0937,5639000000.0,3610000000.0,-2029000000.0,74704000000.0,61491000000.0,13213000000.0,7168000000.0,36783000000.0,29615000000.0,54990972264.15,84605972264.15,0.0,1.4269999999999998,11.3374,23.0911,-0.0032,-0.0051,0.0131,0.0131,2.7838,0.4924,High (>2x),1.223,1.3874177253942002,1.2475,65.9541,-0.1147,22.613000000000003,3.08,0.034931426239477,-0.2315,-1.0267,-1.026,-0.1582,-0.1401
CAT,2017,Industrials,0,Negative/Flat Return,-17.274621389923,Underperformer (-5% to -20%),45462000000.0,0.1797,High Growth (>15%),13556000000.0,4460000000.0,754000000.0,1.27,1.26,0.2982,0.1017,0.165,0.0166,Low (0-10%),0.0997,5706000000.0,4534000000.0,-1172000000.0,76962000000.0,63196000000.0,13766000000.0,8261000000.0,34878000000.0,26617000000.0,93428369717.28,120045369717.28,123.6535,2.0551,17.0369,16.0039,0.0321,0.0548,0.0528,0.0528,2.5336,0.4532,High (>2x),1.346,1.4476254130927,8.7081,76.8199,1.2741,23.261,3.1,0.020394762002426,0.3697,12.2537,12.5455,0.0119,0.256
CAT,2018,Industrials,1,Positive Return,20.16613555304312,Strong Outperformer (>20%),54722000000.0,0.2037,High Growth (>15%),17003000000.0,8293000000.0,6147000000.0,10.39,10.26,0.3107,0.1507,0.201,0.1123,Medium (10-20%),0.0837,6558000000.0,4578000000.0,-1980000000.0,78509000000.0,64429000000.0,14080000000.0,7857000000.0,36553000000.0,28696000000.0,74984859766.77,103680859766.77,12.23,1.3703,12.5962,9.4127,0.2566,0.4366,0.096,0.096,2.5961,0.4656,High (>2x),1.368,1.4088879438656,20.4183,92.5296,10.394,23.808000000000003,3.28,0.0262870746828079,0.2543,7.1525,7.1811,0.1493,0.0097
CCI,2014,Real Estate,1,Positive Return,13.217635898048268,Outperformer (5-20%),3538756000.0,0.2348,High Growth (>15%),2232150000.0,940682000.0,390513000.0,1.04,1.04,0.6308,0.2692,0.5479999999999999,0.1104,Medium (10-20%),0.2378,1600197000.0,841662000.0,-758535000.0,21143276000.0,14406048000.0,6716225000.0,298723000.0,11920861000.0,11622138000.0,26274609647.0,37896747647.0,75.6731,7.4248,0.0,19.5511,0.0418,0.0581,0.0294,0.0294,1.7749,0.5638,Elevated (1-2x),1.376,1.9461738747022,1.6616,10.6492,1.1752,20.211,1.87,0.0282297035530329,0.1906,3.4004,3.0,0.3665,0.3228
CCI,2015,Real Estate,1,Positive Return,5.812066826956,Outperformer (5-20%),3663851000.0,0.0353,Flat (0-5%),2342425000.0,946180000.0,1520992000.0,4.44,4.42,0.6393,0.545,0.828,0.4151,High (≥20%),0.2416,1794025000.0,885133000.0,-908892000.0,21936966000.0,14847745000.0,7089221000.0,309541000.0,12149959000.0,11840418000.0,28854529490.15,40694947490.15,19.4707,7.8755,0.0,13.4181,0.1567,0.2145,0.0283,0.0283,1.7139,0.5539,Elevated (1-2x),1.147,2.2554534943399,3.7878,11.0025,4.5675,21.289,3.345,0.044043016828944,0.0494,3.2623,3.2692,0.1211,0.0516
CCI,2016,Real Estate,1,Positive Return,32.920135180218175,Strong Outperformer (>20%),3921000000.0,0.0702,Moderate (5-15%),2480000000.0,949000000.0,357000000.0,0.95,0.95,0.6325,0.2267,0.51,0.091,Low (0-10%),0.2328,1787000000.0,913000000.0,-874000000.0,22675092000.0,15117977000.0,7557115000.0,692146000.0,12171142000.0,11478996000.0,29417946644.8,40896942644.8,91.3684,7.5027,0.0,20.4689,0.0351,0.0472,0.0281,0.0281,1.6106,0.5368,Elevated (1-2x),1.378,2.4791424603814,1.7262,11.5324,1.05,22.227,3.605,0.045783075722547,0.0587,-0.7806,-0.7859999999999999,-0.0039,0.0315
CCI,2017,Real Estate,1,Positive Return,3.6954546324899313,Neutral (-5% to 5%),4356000000.0,0.1109,Moderate (5-15%),2792000000.0,1046000000.0,445000000.0,1.01,1.01,0.6409999999999999,0.2438,0.529,0.1022,Medium (10-20%),0.1871,2043000000.0,815000000.0,-1228000000.0,32229000000.0,19890000000.0,12339000000.0,435000000.0,16159000000.0,15724000000.0,44255545662.63,59979545662.63,107.8515,10.1597,0.0,26.0328,0.0348,0.0361,0.0214,0.0214,1.3096,0.5014,Elevated (1-2x),0.878,1.6509287925696998,1.797,11.4031,1.1649,32.301,3.9,0.038050643303239,0.1258,0.1944,0.0632,0.1433,-0.1073
CCI,2018,Real Estate,1,Positive Return,38.87711281688993,Strong Outperformer (>20%),5423000000.0,0.2449,High Growth (>15%),3576000000.0,1432000000.0,671000000.0,1.35,1.34,0.6594,0.2456,0.527,0.1237,Medium (10-20%),0.1403,2502000000.0,761000000.0,-1741000000.0,32785000000.0,20751000000.0,12034000000.0,408000000.0,16682000000.0,16274000000.0,45065203514.46,61339203514.46,80.4667,8.31,0.0,21.4473,0.0497,0.0558,0.0288,0.0288,1.3862,0.5088,Elevated (1-2x),0.867,1.605504587156,2.0748,13.1308,1.6247,29.138,4.275,0.040080573919271,0.2808,0.4419,0.3366,0.2247,-0.0663
CHTR,2014,Communication Services,1,Positive Return,10.016231545601803,Outperformer (5-20%),9108000000.0,0.1169,Moderate (5-15%),9108000000.0,971000000.0,-183000000.0,-1.88,-1.88,1.0,0.1058,0.337,-0.0201,Negative,0.02,2359000000.0,182000000.0,-2177000000.0,24388000000.0,24242000000.0,146000000.0,7114000000.0,20887000000.0,13773000000.0,18206287645.02,31979287645.02,0.0,1.9989,0.0,10.4303,-0.0258,-1.2534,0.0388,0.0388,143.0616,0.8564,High (>2x),0.211,4.5253822629969,1.0582,92.9464,-1.8675,1.49,0.0,-0.0,0.1169,-0.0828,-0.1394,0.0931,1.6816
CHTR,2015,Communication Services,1,Positive Return,62.18104850306061,Strong Outperformer (>20%),9754000000.0,0.0709,Moderate (5-15%),9754000000.0,1107000000.0,-271000000.0,-2.68,-2.68,1.0,0.1,0.318,-0.0278,Negative,0.0561,2359000000.0,547000000.0,-1812000000.0,39316000000.0,39362000000.0,-46000000.0,22269000000.0,35723000000.0,13454000000.0,20552335248.6,34006335248.6,0.0,2.1071,0.0,10.9698,-0.0403,5.8913,0.0459,0.0459,-776.587,0.9086,Conservative (<0.5x),0.175,11.434077079108,0.7466,96.4285,-2.6791,-0.455,0.0,-0.0,0.0709,-0.4809,-0.4255,0.0,2.0055
CHTR,2016,Communication Services,1,Positive Return,17.563076729867895,Outperformer (5-20%),29003000000.0,1.9734,High Growth (>15%),29003000000.0,3341000000.0,3522000000.0,17.05,15.94,1.0,0.1067,0.345,0.1214,Medium (10-20%),-0.8789,8041000000.0,-25491000000.0,-33532000000.0,149067000000.0,98701000000.0,40139000000.0,1535000000.0,61747000000.0,60212000000.0,77348048786.07,137560048786.07,16.7607,2.6669,0.0,13.7519,0.132,0.0877,0.0161,0.0161,1.5383,0.4142,Elevated (1-2x),0.345,0.30996656916005,1.2389,140.4238,17.0525,194.341,0.0,-0.0,1.9734,13.9963,7.3619,2.4086,-47.6015
CHTR,2017,Communication Services,0,Negative/Flat Return,-18.339685295620512,Underperformer (-5% to -20%),41581000000.0,0.4337,High Growth (>15%),41581000000.0,4089000000.0,9895000000.0,38.55,34.09,1.0,0.0937,0.348,0.238,High (≥20%),0.0982,11954000000.0,4084000000.0,-7870000000.0,146623000000.0,99092000000.0,39084000000.0,621000000.0,70231000000.0,69610000000.0,86757583152.98,156367583152.98,9.0524,2.0865,0.0,10.7944,0.3903,0.2532,0.0199,0.0199,1.7969,0.479,Elevated (1-2x),0.23,0.2034265103697,1.2615,161.9698,38.5438,152.243,0.0,-0.0,0.4337,1.8095,1.261,0.4866,1.1602
CHTR,2018,Communication Services,1,Positive Return,68.43640509084807,Strong Outperformer (>20%),43634000000.0,0.0494,Flat (0-5%),43634000000.0,5336000000.0,1230000000.0,5.29,5.22,1.0,0.1134,0.35,0.0282,Low (0-10%),0.0498,11767000000.0,2172000000.0,-9595000000.0,146130000000.0,101858000000.0,36285000000.0,765000000.0,72827000000.0,72062000000.0,65234674689.24,137296674689.24,53.8696,1.495,0.0,8.9924,0.0477,0.0339,0.0259,0.0259,2.0071,0.4984,High (>2x),0.226,0.20653162463828,1.3983,187.7889,5.2936,156.161,0.0,-0.0,0.0494,-0.8757,-0.8628,-0.0156,-0.4682
CL,2014,Consumer Defensive,0,Negative/Flat Return,-1.3486026129171749,Neutral (-5% to 5%),17277000000.0,-0.0082,Declining,10109000000.0,3557000000.0,2180000000.0,2.38,2.36,0.5851,0.1967,0.222,0.1262,Medium (10-20%),0.1471,3298000000.0,2541000000.0,-757000000.0,13459000000.0,12074000000.0,1145000000.0,1089000000.0,6148000000.0,5059000000.0,63059649622.42,68118649622.42,29.0714,3.6499,0.0,17.7392,0.4363,1.9039,0.2559,0.2559,5.3694,0.4568,High (>2x),1.232,0.6692853522554499,141.5833,18.9566,2.3919,1.256,1.42,0.025433798061188,-0.009,-0.0272,-0.0124,0.0293,0.0028
CL,2015,Consumer Defensive,1,Positive Return,3.4044048161436127,Neutral (-5% to 5%),16034000000.0,-0.0719,Declining,9399000000.0,2789000000.0,1384000000.0,1.53,1.52,0.5862,0.1637,0.192,0.0863,Low (0-10%),0.1408,2949000000.0,2258000000.0,-691000000.0,11935000000.0,11979000000.0,-299000000.0,970000000.0,6548000000.0,5578000000.0,59752947437.34,65330947437.34,43.5425,3.7266,0.0,21.2527,0.2979,-4.6288,0.2331,0.2331,-21.8997,0.5486,Conservative (<0.5x),1.241,0.67826825127334,100.9615,17.8767,1.5431,-0.3329999999999999,1.5,0.027107845544446,-0.0702,-0.3651,-0.3571,-0.1058,-0.1114
CL,2016,Consumer Defensive,1,Positive Return,17.704098844788447,Outperformer (5-20%),15195000000.0,-0.0523,Declining,9123000000.0,3955000000.0,2441000000.0,2.74,2.72,0.6004,0.243,0.272,0.1606,Medium (10-20%),0.1716,3141000000.0,2608000000.0,-533000000.0,12123000000.0,12106000000.0,-243000000.0,1315000000.0,6533000000.0,5218000000.0,58254744266.16,63472744266.16,23.9197,3.8338,0.0,15.3501,0.5009,-10.0453,0.3407,0.3407,-26.8848,0.5389,Conservative (<0.5x),1.3130000000000002,0.82481089258699,37.2929,17.0953,2.7463,-0.273,1.55,0.027466174446913,-0.0294,0.7637,0.7908,0.0651,0.155
CL,2017,Consumer Defensive,0,Negative/Flat Return,-18.85806011660366,Underperformer (-5% to -20%),15454000000.0,0.017,Flat (0-5%),9280000000.0,3707000000.0,2024000000.0,2.3,2.28,0.6005,0.2225,0.253,0.131,Medium (10-20%),0.1618,3054000000.0,2501000000.0,-553000000.0,12676000000.0,12433000000.0,-60000000.0,1535000000.0,6577000000.0,5042000000.0,65980826456.22,71022826456.22,32.6696,4.2695,0.0,18.1458,0.3817,-33.7333,0.3114,0.3114,-109.6167,0.5189,Conservative (<0.5x),1.361,0.88468309859155,33.7157,17.5993,2.305,-0.068,1.59,0.024047978319404,0.0172,-0.1708,-0.1606,-0.0277,-0.0409999999999999
CL,2018,Consumer Defensive,1,Positive Return,19.1365022627099,Outperformer (5-20%),15544000000.0,0.0058,Flat (0-5%),9231000000.0,3694000000.0,2400000000.0,2.76,2.75,0.5939,0.2219,0.255,0.1544,Medium (10-20%),0.1686,3056000000.0,2620000000.0,-436000000.0,12161000000.0,11964000000.0,-102000000.0,726000000.0,6366000000.0,5640000000.0,51622881578.88,57262881578.88,21.5652,3.3211,0.0,14.4603,0.5539,-23.5294,0.2957,0.2957,-62.4118,0.5235,Conservative (<0.5x),1.135,0.6363364262196899,24.1189,17.9219,2.7671,-0.118,1.66,0.031222166078549,-0.0053,0.1858,0.2,0.0007,0.0476
CMCSA,2014,Consumer Cyclical,1,Positive Return,0.0593474896224289,Neutral (-5% to 5%),68775000000.0,0.0637,Moderate (5-15%),68775000000.0,14904000000.0,8380000000.0,1.62,1.6,1.0,0.2162,0.3329999999999999,0.1218,Medium (10-20%),0.1216,16945000000.0,8360000000.0,-8585000000.0,159186000000.0,106118000000.0,52711000000.0,4512000000.0,48081000000.0,43569000000.0,149451009911.61,193020009911.61,17.9043,2.173,0.0,8.4329,0.3095,0.159,0.066,0.066,0.9122,0.302,Moderate (0.5-1x),0.777,0.62222860425043,5.6821,13.3476,1.6264,10.23,0.3379999999999999,0.0163698977256089,0.0637,0.2295,0.2462,0.1967,0.7975
CMCSA,2015,Consumer Cyclical,1,Positive Return,26.19976506019021,Strong Outperformer (>20%),74510000000.0,0.0834,Moderate (5-15%),74510000000.0,15998000000.0,8163000000.0,1.64,1.62,1.0,0.2124,0.3289999999999999,0.1096,Medium (10-20%),0.1267,19485000000.0,9438000000.0,-10047000000.0,166574000000.0,112596000000.0,52269000000.0,2316000000.0,52621000000.0,50305000000.0,138661461982.89,188966461982.89,17.2043,1.861,0.0,7.7117,0.2937,0.1562,0.0676,0.0676,1.0067,0.3159,Elevated (1-2x),0.677,0.5067664209484001,5.8564,15.1614,1.661,10.636,0.487,0.018759028859496,0.0834,-0.0259,0.0123,0.1499,0.1289
CMCSA,2016,Consumer Cyclical,1,Positive Return,17.456747439294027,Outperformer (5-20%),80736000000.0,0.0836,Moderate (5-15%),80736000000.0,16831000000.0,8678000000.0,1.8,1.78,1.0,0.2095,0.326,0.1075,Medium (10-20%),0.106,19691000000.0,8554000000.0,-11137000000.0,180500000000.0,124326000000.0,53943000000.0,5073000000.0,61046000000.0,55973000000.0,165225076805.7,221198076805.7,19.1806,2.0465,0.0,8.3965,0.2792,0.1609,0.0669,0.0669,1.1317,0.3382,Elevated (1-2x),0.76,0.60496865567681,5.7505,16.8704,1.8133,11.272,0.675,0.016450000865919,0.0836,0.0631,0.0976,0.0106,-0.0937
CMCSA,2017,Consumer Cyclical,0,Negative/Flat Return,-15.214504010811217,Underperformer (-5% to -20%),85029000000.0,0.0532,Moderate (5-15%),85029000000.0,18018000000.0,22735000000.0,4.83,4.75,1.0,0.2147,0.3289999999999999,0.2674,High (≥20%),0.1131,21261000000.0,9617000000.0,-11644000000.0,187462000000.0,118003000000.0,68616000000.0,3428000000.0,64556000000.0,61128000000.0,191951809058.1,253079809058.1,8.5031,2.2575,0.0,9.058,0.6927,0.3313,0.0677,0.0677,0.9408,0.3444,Moderate (0.5-1x),0.743,0.55754103578411,5.9145,18.1928,4.8644,14.681,0.473,0.0154400776909989,0.0532,1.6198,1.6833,0.0797,0.1243
CMCSA,2018,Consumer Cyclical,1,Positive Return,32.79457340696426,Strong Outperformer (>20%),94507000000.0,0.1115,Moderate (5-15%),94507000000.0,19009000000.0,11731000000.0,2.56,2.53,1.0,0.1974,0.31,0.1241,Medium (10-20%),0.1268,24297000000.0,11985000000.0,-12312000000.0,251684000000.0,179182000000.0,71613000000.0,3814000000.0,111743000000.0,107929000000.0,154910637384.45,262839637384.45,13.3008,1.6391,0.0,8.9618,0.3033,0.1638,0.0531,0.0531,1.5604,0.444,Elevated (1-2x),0.792,0.54044850197442,5.2662,20.773000000000003,2.5785,15.741,0.917,0.021751607189164,0.1115,-0.484,-0.47,0.1428,0.2462
COP,2014,Energy,0,Negative/Flat Return,-28.862431736268768,Heavy Decline (<-20%),55517000000.0,-0.0469,Declining,22421000000.0,10456000000.0,6869000000.0,5.54,5.51,0.4039,0.1999,0.35,0.1237,Medium (10-20%),-0.0093,16569000000.0,-516000000.0,-17085000000.0,116539000000.0,64266000000.0,51911000000.0,5062000000.0,22565000000.0,17503000000.0,85006842940.32,102509842940.32,12.4657,1.5312,1.6496,5.2761,0.087,0.1323,0.0655,0.0655,0.4347,0.1936,Conservative (<0.5x),1.306,1.0287769784173,17.1296,44.8686,5.5515,41.95399999999999,2.84,0.046685933714439,-0.1202,-0.2498,-0.2544,0.0265,-1.8543
COP,2015,Energy,1,Positive Return,9.685676727779803,Outperformer (5-20%),30935000000.0,-0.4428,Declining,10592000000.0,-5911000000.0,-4428000000.0,-3.58,-3.58,0.3424,-0.2061,0.088,-0.1431,Negative,-0.0801,7572000000.0,-2478000000.0,-10050000000.0,97484000000.0,57402000000.0,39762000000.0,2368000000.0,24880000000.0,22512000000.0,57645434559.79,80157434559.79,0.0,1.8634,1.4604,29.2866,-0.0671,-0.1114,-0.0425,-0.0425,0.6257,0.2552,Moderate (0.5-1x),0.95,0.74351771823682,-6.9304,24.909,-3.5654,32.017,2.94,0.068101346767717,-0.5276,-1.6446,-1.6462,-0.5429999999999999,-3.8023
COP,2016,Energy,1,Positive Return,10.906861703108994,Outperformer (5-20%),24360000000.0,-0.2125,Declining,7984000000.0,-3879000000.0,-3615000000.0,-2.91,-2.91,0.3278,-0.1782,0.1939999999999999,-0.1484,Negative,-0.0191,4403000000.0,-466000000.0,-4869000000.0,89772000000.0,54546000000.0,34974000000.0,3660000000.0,27275000000.0,23615000000.0,62707177169.49,86322177169.49,0.0,2.5742,1.8036,18.2847,-0.0602,-0.1034,-0.0303,-0.0303,0.7799,0.3038,Moderate (0.5-1x),1.246,1.0238818931828002,-3.4867,19.5594,-2.9026,28.082,1.0,0.0208901607949519,-0.2462,0.1836,0.1872,-0.4185,0.8119
COP,2017,Energy,1,Positive Return,14.730101073774296,Outperformer (5-20%),32584000000.0,0.3376,High Growth (>15%),14138000000.0,-1120000000.0,-855000000.0,-0.7,-0.7,0.4339,-0.0485,0.162,-0.0262,Negative,0.0763,7077000000.0,2486000000.0,-4591000000.0,73362000000.0,42561000000.0,30607000000.0,10097000000.0,19703000000.0,9606000000.0,66135935383.68,75741935383.68,0.0,2.0297,2.1543,14.3832,-0.0162,-0.0279,-0.0124,-0.0124,0.6437,0.2686,Moderate (0.5-1x),1.757,1.534213046717,-1.4381,26.6855,-0.7002,25.066,1.06,0.019853965854871,0.7708,0.7635,0.7595,0.6073,6.3348
COP,2018,Energy,1,Positive Return,4.896407928260095,Neutral (-5% to 5%),38727000000.0,0.1885,High Growth (>15%),18172000000.0,11044000000.0,6257000000.0,5.36,5.32,0.4692,0.2753,0.429,0.1616,Medium (10-20%),0.1597,12934000000.0,6184000000.0,-6750000000.0,69980000000.0,37916000000.0,31939000000.0,7625000000.0,14968000000.0,7343000000.0,71779931716.8,79122931716.8,11.6325,1.8535,2.2469,4.7619,0.1213,0.1959,0.1256,0.1256,0.4686,0.2139,Conservative (<0.5x),1.795,1.5810682893847,14.5034,33.1993,5.3639,27.38,1.16,0.018919078470184,0.2853,8.3181,8.6571,0.8276,1.4875
COST,2014,Consumer Defensive,1,Positive Return,19.06252433079839,Outperformer (5-20%),112640000000.0,0.0712,Moderate (5-15%),14182000000.0,3220000000.0,2058000000.0,4.69,4.65,0.1259,0.0291,0.038,0.0183,Low (0-10%),0.0177,3984000000.0,1991000000.0,-1993000000.0,33024000000.0,20509000000.0,12303000000.0,7315000000.0,5093000000.0,-2222000000.0,53279224805.76,51057224805.76,25.919,0.473,4.3273,11.849,0.1143,0.1673,0.1816,0.1816,0.414,0.1542,Conservative (<0.5x),1.22,0.58721898417985,29.0265,256.7627,4.6912,28.045,1.33,0.012400141182815,0.0737,0.0093,0.0021,0.1592,0.4705
COST,2015,Consumer Defensive,1,Positive Return,1.5097241118151274,Neutral (-5% to 5%),116199000000.0,0.0316,Flat (0-5%),15134000000.0,3624000000.0,2377000000.0,5.41,5.37,0.1302,0.0318,0.042,0.0205,Low (0-10%),0.0163,4285000000.0,1892000000.0,-2393000000.0,33017000000.0,22174000000.0,10617000000.0,6419000000.0,6135000000.0,-284000000.0,61550246222.8,61266246222.8,25.8872,0.5297,5.7896,12.7029,0.152,0.2239,0.2038,0.2038,0.5778,0.1858,Moderate (0.5-1x),1.015,0.46211983795876,29.8065,264.4162,5.409,24.159,6.51,0.050488306152702,0.0671,0.155,0.1535,0.0756,-0.0497
COST,2016,Consumer Defensive,1,Positive Return,22.66316838650961,Strong Outperformer (>20%),118719000000.0,0.0217,Flat (0-5%),15818000000.0,3672000000.0,2350000000.0,5.36,5.33,0.1332,0.0314,0.042,0.0198,Low (0-10%),0.0054,3292000000.0,643000000.0,-2649000000.0,33163000000.0,20831000000.0,12079000000.0,4729000000.0,5161000000.0,432000000.0,71833991020.74,72265991020.74,30.5933,0.6051,5.9447,14.5083,0.1408,0.1946,0.1674,0.1674,0.4273,0.1556,Conservative (<0.5x),0.977,0.38401284109149,28.015,270.6864,5.3581,27.541,1.7,0.011127874594371,0.0452,-0.0114,-0.0092,-0.2317,-0.6601
COST,2017,Consumer Defensive,1,Positive Return,9.307226016875354,Outperformer (5-20%),129025000000.0,0.0868,Moderate (5-15%),17143000000.0,4111000000.0,2679000000.0,6.11,6.08,0.1329,0.0321,0.043,0.0208,Low (0-10%),0.0327,6726000000.0,4224000000.0,-2502000000.0,36347000000.0,25268000000.0,10778000000.0,5779000000.0,6573000000.0,794000000.0,69797744127.6,70591744127.6,26.0458,0.541,6.4673,12.8162,0.149,0.2486,0.2012,0.2012,0.6099,0.1808,Moderate (0.5-1x),0.99,0.41217490711632,30.8806,294.284,6.1103,24.583,8.9,0.057014601277117,0.0838,0.14,0.1399,1.0431,5.5692
COST,2018,Consumer Defensive,1,Positive Return,44.95356894981416,Strong Outperformer (>20%),141576000000.0,0.0973,Moderate (5-15%),18424000000.0,4480000000.0,3134000000.0,7.15,7.09,0.1301,0.0322,0.042,0.0221,Low (0-10%),0.0198,5774000000.0,2805000000.0,-2969000000.0,40830000000.0,27727000000.0,12799000000.0,7259000000.0,6577000000.0,-682000000.0,102916929545.92,102234929545.92,32.8224,0.7269,8.0383,17.0591,0.1564,0.2449,0.2085,0.2085,0.5139,0.1611,Moderate (0.5-1x),1.018,0.4480578139114699,28.6541,322.8533,7.1468,29.187,2.14,0.0067473372061667,0.0747,0.1698,0.1702,-0.1415,-0.3359
CSCO,2014,Technology,1,Positive Return,0.6924011157427385,Neutral (-5% to 5%),47142000000.0,-0.0301,Declining,27769000000.0,9345000000.0,7853000000.0,1.5,1.49,0.5891,0.218,0.27,0.1666,Medium (10-20%),0.2395,12332000000.0,11289000000.0,-1043000000.0,105070000000.0,48409000000.0,56654000000.0,52074000000.0,20845000000.0,-31229000000.0,132780116246.4,101551116246.4,17.28,2.8166,4.5577,7.9848,0.1553,0.1386,0.1734,0.1734,0.3679,0.1984,Conservative (<0.5x),3.388,3.2965823615528,18.2252,9.0069,1.5004,10.824000000000002,0.72,0.032216854552482,-0.0568,-0.2134,-0.1979,-0.0436,-0.0493
CSCO,2015,Technology,1,Positive Return,17.487773000792178,Outperformer (5-20%),49161000000.0,0.0428,Flat (0-5%),29681000000.0,10770000000.0,8981000000.0,1.76,1.75,0.6038,0.2394,0.289,0.1827,Medium (10-20%),0.2308,12552000000.0,11347000000.0,-1205000000.0,113373000000.0,53666000000.0,59698000000.0,60416000000.0,25354000000.0,-35062000000.0,143472921073.3,108410921073.3,16.0284,2.9184,4.3672,7.6297,0.1685,0.1504,0.2013,0.2013,0.4247,0.2236,Conservative (<0.5x),3.134,3.1654279856484,20.7898,9.6319,1.7596,11.696,0.8,0.032037577911689,0.0689,0.1436,0.1733,0.0178,0.0051
CSCO,2016,Technology,1,Positive Return,29.89281692217877,Strong Outperformer (>20%),49247000000.0,0.0017,Flat (0-5%),30960000000.0,12660000000.0,10739000000.0,2.13,2.11,0.6287,0.2761,0.32,0.2181,High (≥20%),0.2531,13570000000.0,12465000000.0,-1105000000.0,121652000000.0,58067000000.0,63586000000.0,65756000000.0,28643000000.0,-37113000000.0,154563049083.94,117450049083.94,14.4272,3.1385,4.4873,7.459,0.1874,0.1689,0.2251,0.2251,0.4505,0.2355,Conservative (<0.5x),3.16,3.2127574164024,20.1124,9.7461,2.1253,12.584,0.94,0.033381472649626,0.0431,0.1957,0.2102,0.0811,0.0985
CSCO,2017,Technology,1,Positive Return,14.891694585509818,Outperformer (5-20%),48005000000.0,-0.0252,Declining,30224000000.0,11973000000.0,9609000000.0,1.92,1.9,0.6296,0.2739,0.322,0.2002,High (≥20%),0.2691,13876000000.0,12919000000.0,-957000000.0,129818000000.0,63681000000.0,66137000000.0,70492000000.0,33717000000.0,-36775000000.0,157251710848.55,120476710848.55,16.3802,3.2757,4.6433,7.8059,0.1617,0.1453,0.1883,0.1883,0.5098,0.2597,Moderate (0.5-1x),3.035,3.0900192147337,15.2706,9.5818,1.918,13.201,1.1,0.036864012010965,-0.0238,-0.1052,-0.0986,0.0225,0.0364
CSCO,2018,Technology,1,Positive Return,14.819570082879045,Outperformer (5-20%),49330000000.0,0.0276,Flat (0-5%),30606000000.0,12309000000.0,110000000.0,0.02,0.02,0.6204,0.2834,0.3279999999999999,0.0022,Low (0-10%),0.2613,13666000000.0,12891000000.0,-775000000.0,108784000000.0,65580000000.0,43204000000.0,46548000000.0,25569000000.0,-20979000000.0,198320554771.98,177341554771.98,2108.5,4.0203,22.0231,10.9646,0.0029,0.0025,0.1902,0.1902,0.5918,0.235,Moderate (0.5-1x),2.287,2.2908452006658,14.8271,10.1985,0.0227,8.932,1.24,0.029872180433688,0.0126,-0.9886,-0.9896,-0.0151,-0.0022
CVX,2014,Energy,0,Negative/Flat Return,-16.46848608148743,Underperformer (-5% to -20%),211970000000.0,-0.0738,Declining,54474000000.0,31202000000.0,19241000000.0,10.21,10.14,0.257,0.1469,0.226,0.0908,Low (0-10%),-0.0185,31475000000.0,-3932000000.0,-35407000000.0,266026000000.0,109835000000.0,155028000000.0,13215000000.0,27818000000.0,14603000000.0,212067807509.3,226670807509.3,10.9873,1.0005,1.4097,4.7296,0.0994,0.1241,0.0872,0.0872,0.1794,0.1046,Conservative (<0.5x),1.3230000000000002,1.0263734886926,0.0,112.1283,10.1781,82.007,4.21,0.04496006883145,-0.0352,-0.1019,-0.0868,-0.1008,-0.3181
CVX,2015,Energy,1,Positive Return,38.36874990803093,Strong Outperformer (>20%),138477000000.0,-0.3467,Declining,33662000000.0,4842000000.0,4587000000.0,2.46,2.45,0.2431,0.0341,0.186,0.0331,Low (0-10%),-0.0726,19456000000.0,-10048000000.0,-29504000000.0,264540000000.0,110654000000.0,152716000000.0,11332000000.0,38549000000.0,27217000000.0,169308021891.84,196525021891.84,36.5691,1.2226,1.143,7.6303,0.0232,0.03,0.0131,0.0131,0.2524,0.1457,Conservative (<0.5x),1.352,1.0446460124867,0.0,73.5783,2.4373,81.14399999999999,4.28,0.054306767911852,-0.3821,-0.7616,-0.7591,-0.3819,-1.5554
CVX,2016,Energy,1,Positive Return,10.448856966330217,Outperformer (5-20%),114472000000.0,-0.1734,Declining,23581000000.0,-1959000000.0,-497000000.0,-0.27,-0.27,0.206,-0.0177,0.152,-0.0043,Negative,-0.017,12690000000.0,-1943000000.0,-14633000000.0,260078000000.0,113356000000.0,145556000000.0,7001000000.0,46126000000.0,39125000000.0,222473614362.0,261598614362.0,0.0,1.9435,1.5781,15.0068,-0.0028,-0.0034,-0.0053,-0.0053,0.3169,0.1774,Conservative (<0.5x),0.932,0.74179644486393,-10.0746,60.6388,-0.2633,77.105,4.29,0.0397651260382359,-0.2995,-1.1083,-1.1098,-0.3478,0.8066
CVX,2017,Energy,0,Negative/Flat Return,-11.4381582992785,Underperformer (-5% to -20%),141722000000.0,0.238,High Growth (>15%),34499000000.0,9528000000.0,9195000000.0,4.88,4.85,0.2434,0.0667,0.203,0.0649,Low (0-10%),0.0849,20338000000.0,12030000000.0,-8308000000.0,253806000000.0,104487000000.0,148124000000.0,4822000000.0,38763000000.0,33941000000.0,242322125734.24,276263125734.24,26.1434,1.7098,1.6876,9.5915,0.0515,0.0621,0.0264,0.0264,0.2617,0.1527,Conservative (<0.5x),1.03,0.83008256119984,30.7948,74.6151,4.8411,77.986,4.32,0.035550087305032,0.4629999999999999,19.501,19.0741,0.6027,7.1915
CVX,2018,Energy,1,Positive Return,13.294984217372768,Outperformer (5-20%),166339000000.0,0.1737,High Growth (>15%),46350000000.0,21323000000.0,14824000000.0,7.81,7.74,0.2786,0.128,0.245,0.0891,Low (0-10%),0.1155,30618000000.0,19218000000.0,-11400000000.0,253863000000.0,98221000000.0,154554000000.0,10345000000.0,34459000000.0,24114000000.0,207873143603.51,231987143603.51,13.9296,1.2497,1.3855,5.6991,0.0842,0.0959,0.0603,0.0603,0.223,0.1357,Conservative (<0.5x),1.252,1.0061094549336,28.4586,87.0532,7.7581,80.88600000000001,4.48,0.041717537501606,0.3435,0.6122,0.6004,0.5055,0.5975
D,2014,Utilities,0,Negative/Flat Return,-9.46022957969008,Underperformer (-5% to -20%),12436000000.0,-0.0521,Declining,4013000000.0,2721000000.0,1310000000.0,2.25,2.24,0.3227,0.2376,0.363,0.1053,Medium (10-20%),-0.1698,3439000000.0,-2112000000.0,-5551000000.0,54327000000.0,42370000000.0,11555000000.0,854000000.0,25955000000.0,25101000000.0,44902728600.5,70003728600.5,34.1778,3.6107,5.6545,15.5047,0.0378,0.1134,0.034,0.034,2.2462,0.4778,High (>2x),0.78,0.34551264240067,2.4769,21.2978,2.2435,19.789,2.4,0.0374345566808079,-0.113,-0.228,-0.2321,0.0017,-2.1475
D,2015,Utilities,1,Positive Return,17.962916002131163,Outperformer (5-20%),11683000000.0,-0.0606,Declining,4931000000.0,3536000000.0,1899000000.0,3.21,3.2,0.4221,0.3174,0.46,0.1625,Medium (10-20%),-0.1299,4475000000.0,-1518000000.0,-5993000000.0,58648000000.0,45046000000.0,12664000000.0,862000000.0,28802000000.0,27940000000.0,40268365380.4,68208365380.4,21.0717,3.4467,4.5760000000000005,12.6852,0.0505,0.15,0.0409,0.0409,2.2743,0.4911,High (>2x),0.516,0.27478753541076,4.1018,19.6243,3.1898,21.272,2.59,0.044216463017249,0.2288,0.4496,0.4267,0.3013,0.2813
D,2016,Utilities,1,Positive Return,10.403246351286189,Outperformer (5-20%),11737000000.0,0.0046,Flat (0-5%),4971000000.0,3448000000.0,2123000000.0,3.44,3.44,0.4235,0.3227,0.48,0.1809,Medium (10-20%),-0.1682,4151000000.0,-1974000000.0,-6125000000.0,71610000000.0,54770000000.0,14605000000.0,261000000.0,35095000000.0,34834000000.0,47789722498.75,82623722498.75,22.1657,4.0717,6.2981,14.6574,0.0461,0.1454,0.0327,0.0327,2.4029,0.4901,High (>2x),0.523,0.24239063462723,3.7505,18.7268,3.3873,23.303,2.8,0.0403077572628799,0.0081,0.118,0.0717,-0.0724,-0.3004
D,2017,Utilities,0,Negative/Flat Return,-6.693387861837914,Underperformer (-5% to -20%),12586000000.0,0.0723,Moderate (5-15%),5710000000.0,3937000000.0,2999000000.0,4.72,4.72,0.4537,0.3316,0.507,0.2383,High (≥20%),-0.1118,4502000000.0,-1407000000.0,-5909000000.0,76585000000.0,57215000000.0,17142000000.0,120000000.0,37324000000.0,37204000000.0,51662569855.32,88866569855.32,17.0085,4.1048,5.1395,13.9377,0.0619,0.175,0.0347,0.0347,2.1773,0.4874,High (>2x),0.45,0.1977999169779999,3.4639,19.5578,4.6602,26.637,3.035,0.040144142851139,0.1487,0.4126,0.3721,0.0846,0.2872
D,2018,Utilities,1,Positive Return,21.977557820154228,Strong Outperformer (>20%),13366000000.0,0.062,Moderate (5-15%),5624000000.0,3601000000.0,2447000000.0,3.74,3.74,0.4208,0.3382,0.509,0.1831,Medium (10-20%),0.0275,4773000000.0,368000000.0,-4405000000.0,77914000000.0,55866000000.0,20107000000.0,491000000.0,35175000000.0,34684000000.0,46812258191.88,81496258191.88,19.107,3.5023,3.5935,11.9847,0.047,0.1217,0.0313,0.0313,1.7494,0.4515,Elevated (1-2x),0.675,0.3362102785405999,3.0275,20.4035,3.7354,30.694000000000003,3.34,0.047824575440238,-0.0151,-0.1841,-0.2076,0.0602,1.2615
DE,2014,Industrials,0,Negative/Flat Return,-11.13019987502372,Underperformer (-5% to -20%),36066900000.0,-0.0457,Declining,6783600000.0,2615100000.0,3161700000.0,8.71,8.63,0.3131,0.1512,0.187,0.0877,Low (0-10%),0.0543,3525900000.0,-153800000.0,-1567800000.0,61336400000.0,52270900000.0,9062600000.0,,32420400000.0,,30659289227.84,81174210011.16,9.8209,0.8501,3.7855,12.6574,,0.3489,,,4.0781,0.6026,High (>2x),,,-11.6227,99.3579,8.7099,24.966,2.22,0.0281533634054949,-0.222,-0.1062,-0.0512,0.0,0.0784
DE,2015,Industrials,1,Positive Return,39.286126076478325,Strong Outperformer (>20%),,,Unknown,8605800000.0,3836600000.0,,,,,,,,Unknown,,3758800000.0,1958100000.0,-2826100000.0,57947600000.0,51190000000.0,6743400000.0,2947700000.0,36958400000.0,,,,,,,,,,,,,,Unknown,2.0938405458454,0.34319488786458,4.7301,,,,,,0.255,,,0.1498,
DE,2016,Industrials,1,Positive Return,53.32664541890141,Strong Outperformer (>20%),26644000000.0,-0.0769,Declining,8447900000.0,2987700000.0,1523900000.0,4.83,4.81,0.3171,0.1121,0.171,0.0572,Low (0-10%),0.0777,3769700000.0,2070800000.0,-1698900000.0,57918500000.0,51373700000.0,6520000000.0,4336000000.0,35611500000.0,,27763543747.7,81174210011.16,18.2816,1.042,4.9699,12.6574,,0.2337,,,5.4619,0.6149,High (>2x),0.8794759369454,1.6765111180708,3.9121,84.5305,4.8347,20.685,2.4,0.02870982896445,0.3728,-0.2145,-0.1687,0.0,0.0448
DE,2017,Industrials,0,Negative/Flat Return,-3.8176446332957066,Neutral (-5% to 5%),29737700000.0,0.1161,Moderate (5-15%),9871500000.0,4053300000.0,2159100000.0,6.76,6.68,0.332,0.1355,0.193,0.0726,Low (0-10%),0.0353,2199800000.0,1048300000.0,-1151500000.0,65786300000.0,56211800000.0,9557300000.0,9355100000.0,40045300000.0,,42507573519.6,81174210011.16,19.571,1.4294,5.0891,12.6574,,0.2259,,,4.19,0.6087,High (>2x),1.0006209802617,1.7573741406077,4.4799,93.0757,6.7577,29.913,2.4,0.018573675730926,0.1685,0.4168,0.3996,-0.4165,-0.4938
DE,2018,Industrials,1,Positive Return,19.150145590719298,Outperformer (5-20%),37357700000.0,0.2562,High Growth (>15%),11786500000.0,5274300000.0,2368400000.0,7.34,7.24,0.3155,0.1418,0.193,0.0634,Low (0-10%),0.0094,1820300000.0,352900000.0,-1467400000.0,70108000000.0,58803000000.0,11288000000.0,3912200000.0,42256000000.0,24663800000.0,41997695162.88,80341495162.88,17.7875,1.1242,6.3575,11.1184,,0.2098,,,3.7434,0.6027,High (>2x),0.8377628563387098,1.5169554903301,4.4025,115.8019,7.3416,34.991,2.58,0.019324076513942,0.1939999999999999,0.0969,0.0858,-0.1725,-0.6634
DIS,2014,Consumer Cyclical,1,Positive Return,13.459881797833884,Outperformer (5-20%),48813000000.0,0.0837,Moderate (5-15%),22393000000.0,11400000000.0,7501000000.0,4.31,4.26,0.4588,0.2401,0.287,0.1537,Medium (10-20%),0.1325,9780000000.0,6469000000.0,-3311000000.0,84141000000.0,35963000000.0,44958000000.0,3421000000.0,14795000000.0,11374000000.0,152480652021.18,163854652021.18,20.6102,3.1238,15.8076,11.6972,0.2976,0.1668,0.1073,0.1073,0.3291,0.1758,Conservative (<0.5x),1.141,0.8458471260908801,-509.5652,28.0534,4.3109,25.838,0.86,0.010473199284439,0.1193,0.2225,0.2602,0.0347,-0.0281
DIS,2015,Consumer Cyclical,1,Positive Return,2.7249098367626656,Neutral (-5% to 5%),52465000000.0,0.0748,Moderate (5-15%),24101000000.0,13171000000.0,8382000000.0,4.95,4.9,0.4594,0.2576,0.302,0.1598,Medium (10-20%),0.1357,11385000000.0,7120000000.0,-4265000000.0,88182000000.0,39527000000.0,44525000000.0,4269000000.0,17336000000.0,13067000000.0,175284046342.05,188351046342.05,20.9798,3.341,18.3021,11.8691,0.3274,0.1883,0.121,0.121,0.3894,0.1966,Conservative (<0.5x),1.026,0.75229582466022,115.5128,30.9711,4.9481,26.284,1.81,0.01834891781665,0.0763,0.1175,0.1485,0.1641,0.1006
DIS,2016,Consumer Cyclical,1,Positive Return,2.9233341832605886,Neutral (-5% to 5%),55632000000.0,0.0604,Moderate (5-15%),25639000000.0,14202000000.0,9391000000.0,5.76,5.73,0.4609,0.2648,0.31,0.1688,Medium (10-20%),0.1503,13136000000.0,8363000000.0,-4773000000.0,92033000000.0,44710000000.0,43265000000.0,4610000000.0,20170000000.0,15560000000.0,148640788415.67,164200788415.67,16.0573,2.6719,17.4846,9.5156,0.3418,0.2171,0.1264,0.1264,0.4662,0.2192,Conservative (<0.5x),1.007,0.81195819973875,56.65,34.151,5.7649,26.559,1.42,0.015959714352412,0.0638,0.1204,0.1636,0.1538,0.1746
DIS,2017,Consumer Cyclical,0,Negative/Flat Return,-0.3678423245395059,Neutral (-5% to 5%),55137000000.0,-0.0089,Declining,24831000000.0,13775000000.0,8980000000.0,5.73,5.69,0.4504,0.25,0.301,0.1629,Medium (10-20%),0.1582,12343000000.0,8720000000.0,-3623000000.0,95789000000.0,50785000000.0,41315000000.0,4017000000.0,25291000000.0,21274000000.0,154132008765.46,175406008765.46,17.4276,2.7954,53.07,10.5864,0.3636,0.2174,0.1153,0.1153,0.6122,0.264,Moderate (0.5-1x),0.8109999999999999,0.6455728502168899,35.8104,35.1639,5.727,26.349,1.56,0.015990180404708,-0.0315,-0.0438,-0.0052,-0.0604,0.0427
DIS,2018,Consumer Cyclical,1,Positive Return,34.346651812448485,Strong Outperformer (>20%),59434000000.0,0.0779,Moderate (5-15%),26708000000.0,14804000000.0,12598000000.0,8.4,8.36,0.4494,0.2496,0.3,0.212,High (≥20%),0.1654,14295000000.0,9830000000.0,-4465000000.0,98598000000.0,45766000000.0,48773000000.0,4150000000.0,20874000000.0,16724000000.0,172877079359.04,189601079359.04,13.8381,2.9087,16.1988,10.6243,0.442,0.2583,0.1212,0.1212,0.428,0.2117,Conservative (<0.5x),0.942,0.75498320268757,25.8449,39.6491,8.4043,32.537,1.68,0.0145457612068,0.0756,0.4029,0.466,0.1581,0.1273
DUK,2014,Utilities,0,Negative/Flat Return,-10.213850266965132,Underperformer (-5% to -20%),22509000000.0,-0.0109,Declining,7882000000.0,4923000000.0,1883000000.0,2.66,2.66,0.3502,0.206,0.362,0.0837,Low (0-10%),0.0534,6586000000.0,1202000000.0,-5384000000.0,120557000000.0,79658000000.0,40875000000.0,2036000000.0,42382000000.0,40346000000.0,59087057392.32,99433057392.32,31.406,2.625,2.4054,12.2094,0.0268,0.0461,0.0273,0.0273,1.0369,0.3516,Elevated (1-2x),1.03,0.25166918899671,3.0327,31.8373,2.6634,57.815,3.15,0.045926563966948,-0.0069,-0.2934,-0.2944,0.032,0.4042
DUK,2015,Utilities,1,Positive Return,13.754967188022333,Outperformer (5-20%),22371000000.0,-0.0061,Declining,8207000000.0,5184000000.0,2816000000.0,4.05,4.05,0.3669,0.2503,0.412,0.1259,Medium (10-20%),-0.003,6700000000.0,-66000000.0,-6766000000.0,121156000000.0,81385000000.0,39727000000.0,383000000.0,42501000000.0,42118000000.0,49140191245.42,91258191245.42,17.6272,2.1966,2.0764,9.9064,0.0398,0.0709,0.0282,0.0282,1.0698,0.3508,Elevated (1-2x),0.73,0.078771929824561,3.6667,32.2349,4.0576,57.244,3.24,0.0529044937940779,0.0412,0.4955,0.5226,0.0173,-1.0549
DUK,2016,Utilities,1,Positive Return,12.795922959073671,Outperformer (5-20%),22743000000.0,0.0166,Flat (0-5%),8487000000.0,5220000000.0,2152000000.0,3.11,3.11,0.3732,0.2297,0.4,0.0946,Low (0-10%),-0.0456,6863000000.0,-1038000000.0,-7901000000.0,132761000000.0,91720000000.0,41033000000.0,392000000.0,50382000000.0,49990000000.0,53551412845.56,103541412845.56,24.9936,2.3546,2.5073,11.3732,0.0272,0.0524,0.026,0.026,1.2278,0.3795,Elevated (1-2x),0.696,0.26283438663319,2.7265,32.9132,3.1143,59.382,3.36,0.0483929676982879,0.0341,-0.2358,-0.2321,0.0243,-14.7273
DUK,2017,Utilities,1,Positive Return,8.550318436639776,Outperformer (5-20%),23565000000.0,0.0361,Flat (0-5%),9406000000.0,5907000000.0,3059000000.0,4.36,4.36,0.3992,0.2648,0.437,0.1298,Medium (10-20%),-0.0606,6624000000.0,-1428000000.0,-8052000000.0,137914000000.0,96177000000.0,41739000000.0,358000000.0,54442000000.0,54084000000.0,58258970353.22,112342970353.22,19.0894,2.4723,2.6076,10.9209,0.0371,0.0733,0.0283,0.0283,1.3043,0.3948,Elevated (1-2x),0.677,0.091091171286653,3.1425,33.6643,4.37,59.627,3.49,0.044964895263912,0.1083,0.4215,0.4019,-0.0348,-0.3757
DUK,2018,Utilities,1,Positive Return,12.370286235494644,Outperformer (5-20%),24521000000.0,0.0406,Flat (0-5%),9250000000.0,5087000000.0,2666000000.0,3.76,3.76,0.3772,0.2124,0.4039999999999999,0.1087,Medium (10-20%),-0.0898,7186000000.0,-2203000000.0,-9389000000.0,145392000000.0,101558000000.0,43817000000.0,442000000.0,57939000000.0,57497000000.0,61521333255.4,119018333255.4,22.9521,2.5089,2.5242,12.0172,0.0309,0.0608,0.0233,0.0233,1.3223,0.3985,Elevated (1-2x),0.6459999999999999,0.093344857389801,2.4871,34.6342,3.7655,61.888000000000005,3.635,0.0413061431057699,-0.0166,-0.1285,-0.1376,0.0848,-0.5427
ECL,2014,Basic Materials,1,Positive Return,10.944551416351883,Outperformer (5-20%),14280500000.0,0.0775,Moderate (5-15%),6601400000.0,1955000000.0,1202800000.0,4.01,3.93,0.4623,0.1355,0.1969999999999999,0.0842,Low (0-10%),0.0723,1815600000.0,1032600000.0,-783000000.0,19427400000.0,12045300000.0,7315900000.0,209600000.0,6548200000.0,6338600000.0,31368173235.36,37706773235.36,26.0648,2.1966,0.0,13.4303,0.3402,0.1644,0.0741,0.0741,0.8951,0.3371,Moderate (0.5-1x),1.111,0.64935094667918,7.5433,47.5858,4.008,24.378,1.155,0.011537948786266,0.0836,0.2428,0.2415,0.1639999999999999,0.1278
ECL,2015,Basic Materials,1,Positive Return,5.8205837066443005,Outperformer (5-20%),13545100000.0,-0.0515,Declining,6321600000.0,1561300000.0,1002100000.0,3.38,3.32,0.4667,0.1142,0.178,0.074,Low (0-10%),0.0886,1999800000.0,1199600000.0,-800200000.0,18641700000.0,11661300000.0,6909900000.0,92800000.0,6465500000.0,6372700000.0,33776815359.42,40149515359.42,33.8402,2.4937,0.0,16.6893,0.3442,0.145,0.0613,0.0613,0.9357,0.3468,Moderate (0.5-1x),0.933,0.52115691377718,6.3473,45.6987,3.3809,23.313,1.34,0.012275529550231,-0.0424,-0.1669,-0.1571,0.1015,0.1617
ECL,2016,Basic Materials,1,Positive Return,14.998738056197809,Outperformer (5-20%),13151800000.0,-0.0289999999999999,Declining,5617900000.0,1870200000.0,1229000000.0,4.2,4.14,0.4272,0.1442,0.209,0.0934,Low (0-10%),0.0923,1939700000.0,1213400000.0,-726300000.0,18330200000.0,11359300000.0,6901100000.0,327400000.0,6687000000.0,6359600000.0,34414797017.64,40774397017.64,28.1048,2.6167,0.0,14.8422,0.2657,0.1781,0.0756,0.0756,0.969,0.3648,Moderate (0.5-1x),1.4169999999999998,0.8838179770815401,7.1674,44.9634,4.2017,23.594,1.42,0.0127028222863129,-0.1113,0.2264,0.2426,-0.0301,0.0115
ECL,2017,Basic Materials,1,Positive Return,10.80666744226684,Outperformer (5-20%),13835900000.0,0.052,Moderate (5-15%),5771700000.0,1950100000.0,1504600000.0,5.2,5.12,0.4172,0.1448,0.209,0.1087,Medium (10-20%),0.0891,2091300000.0,1233400000.0,-857900000.0,19963500000.0,12309700000.0,7583600000.0,211400000.0,7322700000.0,7111300000.0,38858974022.5,45970274022.5,25.8654,2.8086,0.0,15.8699,0.3118,0.1984,0.0727,0.0727,0.9656,0.3668,Moderate (0.5-1x),1.3219999999999998,0.8007596685082901,7.8565,47.7759,5.1954,26.186,1.52,0.011682066436842,0.0274,0.2242,0.2381,0.0782,0.0165
ECL,2018,Basic Materials,1,Positive Return,34.48261782653266,Strong Outperformer (>20%),14668200000.0,0.0602,Moderate (5-15%),6042300000.0,1947000000.0,1429100000.0,4.95,4.88,0.4119,0.1374,0.201,0.0974,Low (0-10%),0.0996,2277700000.0,1460600000.0,-817100000.0,20074500000.0,12020900000.0,8003200000.0,114700000.0,7045200000.0,6930500000.0,42565444212.2,49495944212.2,29.7677,2.9019,0.0,16.7556,0.296,0.1786,0.0717,0.0717,0.8803,0.351,Moderate (0.5-1x),1.269,0.75352724115476,9.0675,50.8254,4.9518,27.731,1.69,0.0117062998880949,0.0469,-0.0502,-0.0481,0.0891,0.1842
EOG,2014,Energy,0,Negative/Flat Return,-22.66327270207281,Heavy Decline (<-20%),18035340000.0,0.2449,High Growth (>15%),11326401000.0,5241823000.0,2915487000.0,5.36,5.32,0.628,0.2881,0.51,0.1617,Medium (10-20%),0.0223,8649155000.0,402350000.0,-8246805000.0,34762687000.0,17050105000.0,17712582000.0,2087213000.0,5909933000.0,3822720000.0,50455226746.98,54277946746.98,17.1772,2.7976,2.8304,5.9037,0.0934,0.1646,0.1118,0.1118,0.3337,0.17,Conservative (<0.5x),1.6,1.1424858493967,25.7958,33.1872,5.3648,32.593,0.511,0.0057823008658956,0.3024,0.327,0.317,0.1801,0.4969
EOG,2015,Energy,1,Positive Return,46.33606824112388,Strong Outperformer (>20%),8757428000.0,-0.5144,Declining,4178943000.0,-6686079000.0,-4524515000.0,-8.29,-8.29,0.4772,-0.7633,-0.385,-0.5166,Negative,-0.1619,3595165000.0,-1417998000.0,-5013163000.0,26970470000.0,14027435000.0,12943035000.0,718506000.0,6655490000.0,5936984000.0,38913772192.47,44850756192.47,0.0,4.4435,2.9884,0.0,-0.1811,-0.3496,-0.171,-0.171,0.5142,0.2468,Moderate (0.5-1x),1.425,0.90646280658302,-28.1565,16.0482,-8.2913,23.718000000000004,0.672,0.0097522233540846,-0.631,-2.5519,-2.5466,-0.5843,-4.5243
EOG,2016,Energy,1,Positive Return,4.9405928191586215,Neutral (-5% to 5%),7650632000.0,-0.1264,Declining,3817881000.0,-1225281000.0,-1096686000.0,-1.98,-1.98,0.499,-0.1668,0.298,-0.1433,Negative,-0.0292,2359063000.0,-223732000.0,-2582795000.0,29299201000.0,15317620000.0,13981581000.0,1599895000.0,6986358000.0,5386463000.0,59686429533.22,65072892533.22,0.0,7.8015,4.2333,28.5709,-0.0405,-0.0784,-0.0298,-0.0298,0.4997,0.2384,Conservative (<0.5x),1.67,1.3891518287212,-4.5293,13.8252,-1.9818,25.266,0.67,0.0066227860814853,-0.0864,0.7576,0.7612,-0.3438,0.8422
EOG,2017,Energy,0,Negative/Flat Return,-19.69825698622476,Underperformer (-5% to -20%),11208320000.0,0.465,High Growth (>15%),5939500000.0,926402000.0,2582579000.0,4.49,4.46,0.5299,0.0835,0.3879999999999999,0.2304,High (≥20%),0.0126,4265336000.0,141094000.0,-4124242000.0,29833078000.0,13549805000.0,16283273000.0,834228000.0,6387071000.0,5552843000.0,63199361839.0,68752204839.0,24.343000000000004,5.6386,3.8621,15.8235,0.0985,0.1586,0.0217,0.0217,0.3922,0.2141,Conservative (<0.5x),1.203,0.89219758858972,3.4098,19.5056,4.4944,28.337,0.672,0.0062207238492466,0.5557,3.3549,3.2677,0.8081,1.6306
EOG,2018,Energy,0,Negative/Flat Return,-6.469136732239251,Underperformer (-5% to -20%),17275399000.0,0.5413,High Growth (>15%),9600224000.0,4469346000.0,3419040000.0,5.93,5.89,0.5557,0.2597,0.4589999999999999,0.1979,Medium (10-20%),0.098,7768608000.0,1692133000.0,-6076475000.0,33934474000.0,14570286000.0,19364188000.0,1555634000.0,6083262000.0,4527628000.0,50573344205.61,55100972205.61,14.7066,2.9275,2.5987,6.9559,0.1163,0.1766,0.0945,0.0945,0.3142,0.1793,Conservative (<0.5x),1.356,0.93093083186084,18.3065,29.9619,5.9299,33.585,0.758,0.0087492807664027,0.6163,0.3239,0.3207,0.8213,10.9929
EQIX,2014,Technology,1,Positive Return,42.35297126809032,Strong Outperformer (>20%),2443776000.0,0.1352,Moderate (5-15%),1245891000.0,509266000.0,-259547000.0,-4.96,-4.96,0.5098,0.1459,0.3429999999999999,-0.1062,Negative,0.012,689420000.0,29217000.0,-660203000.0,7781978000.0,5511847000.0,2270131000.0,1143369000.0,4643954000.0,3500585000.0,12089765079.0,15590350079.0,0.0,4.9472,11.1959,18.6008,-0.0444,-0.1143,0.0524,0.0524,2.0457,0.5968,High (>2x),2.316,2.1839591647159,1.3175,46.6735,-4.9571,43.357,7.57,0.0080528398425,0.1447,-3.7412,-3.5833,0.1403,-0.0927
EQIX,2015,Technology,1,Positive Return,23.26828784669995,Strong Outperformer (>20%),2725867000.0,0.1154,Moderate (5-15%),1434361000.0,567342000.0,187774000.0,3.25,3.21,0.5262,0.1871,0.38,0.0689,Low (0-10%),0.0098,894823000.0,26703000.0,-868120000.0,10356695000.0,7611309000.0,2745386000.0,2721130000.0,6521020000.0,3799890000.0,17323185398.4,21123075398.4,93.0462,6.3551,12.5468,20.3963,0.026,0.0684,0.0511,0.0511,2.3753,0.6296,High (>2x),1.968,1.819112339512,1.7055,47.1685,3.2492,47.506,17.71,0.03210908214149,0.1513,1.7235,1.6552,0.2979,-0.086
EQIX,2016,Technology,1,Positive Return,28.72382780928896,Strong Outperformer (>20%),3611989000.0,0.3251,High Growth (>15%),1791119000.0,618739000.0,126800000.0,1.81,1.79,0.4959,0.1563,0.3879999999999999,0.0351,Low (0-10%),-0.026,1019353000.0,-94012000.0,-1113365000.0,12608371000.0,8242542000.0,4365829000.0,751885000.0,6759573000.0,6007688000.0,25605181419.84,31612869419.84,198.1878,7.0889,38.7762,22.5546,0.0166,0.0289999999999999,0.0352,0.0352,1.5483,0.5361,Elevated (1-2x),1.4269999999999998,1.1161034125761,1.4392,51.5137,1.8084,62.265,7.0,0.02092530596848,0.2487,-0.3247,-0.4431,0.1392,-4.5207
EQIX,2017,Technology,0,Negative/Flat Return,-19.292035549565192,Underperformer (-5% to -20%),4368428000.0,0.2094,High Growth (>15%),2175279000.0,809014000.0,232982000.0,3.03,3.0,0.498,0.1752,0.414,0.0533,Low (0-10%),0.0139,1439233000.0,60508000.0,-1378725000.0,18691457000.0,11841667000.0,6849790000.0,1440788000.0,10080419000.0,8639631000.0,34964203863.24,43603834863.24,147.4983,8.0038,661.8132,24.117,0.0224,0.034,0.0313,0.0313,1.4716,0.5393,Elevated (1-2x),1.81,1.6231156466307,1.5992,56.8406,3.0315,89.12700000000001,8.0,0.0187147908315989,0.2145,0.8374,0.674,0.4119,1.6436
EQIX,2018,Technology,1,Positive Return,70.09638570074527,Strong Outperformer (>20%),5071654000.0,0.161,High Growth (>15%),2466179000.0,977383000.0,365359000.0,4.58,4.56,0.4863,0.1882,0.43,0.072,Low (0-10%),-0.0554,1815426000.0,-280748000.0,-2096174000.0,20244638000.0,13025359000.0,7219279000.0,610706000.0,11332497000.0,10721791000.0,28342474327.44,39064265327.44,76.9782,5.5884,572.3777,17.9028,0.0331,0.0506,0.0329,0.0329,1.5698,0.5598,Elevated (1-2x),1.0,0.8189880210234399,1.8304,63.5713,4.5796,90.491,9.12,0.02654706943268,0.1337,0.5682,0.5116,0.2614,-5.6398
EXC,2014,Utilities,0,Negative/Flat Return,-23.16975699214253,Heavy Decline (<-20%),27429000000.0,0.1021,Moderate (5-15%),4704000000.0,2827000000.0,1623000000.0,1.89,1.88,0.1715,0.1223,0.263,0.0592,Low (0-10%),0.0036,4457000000.0,99000000.0,-4358000000.0,86416000000.0,62283000000.0,22608000000.0,3428000000.0,22115000000.0,18687000000.0,31868953745.76,50555953745.76,19.619,1.1619,1.5996,7.0003,0.0294,0.0718,0.0236,0.0236,0.9782,0.2559,Moderate (0.5-1x),1.3530000000000002,0.78863273225291,3.1493,31.8942,1.8872,26.288,1.24,0.039211201694101,-0.1888,-0.0558,-0.0597,-0.2973,-0.899
EXC,2015,Utilities,1,Positive Return,33.18370240879309,Strong Outperformer (>20%),29447000000.0,0.0736,Moderate (5-15%),6841000000.0,4409000000.0,2269000000.0,2.55,2.54,0.2323,0.1486,0.284,0.0771,Low (0-10%),0.0047,7616000000.0,139000000.0,-7477000000.0,95384000000.0,68062000000.0,25793000000.0,8072000000.0,26319000000.0,18247000000.0,25536302832.6,43783302832.6,10.8902,0.8672,1.1086,5.236000000000001,0.0356,0.088,0.035,0.035,1.0204,0.2759,Elevated (1-2x),1.682,1.2348102654091,4.2352,33.0865,2.5494,28.981,1.24,0.0505008311385659,0.4543,0.3979999999999999,0.3492,0.7088,0.4039999999999999
EXC,2016,Utilities,1,Positive Return,16.06534774398531,Outperformer (5-20%),31366000000.0,0.0652,Moderate (5-15%),7196000000.0,3212000000.0,1121000000.0,1.21,1.21,0.2294,0.1087,0.286,0.0357,Low (0-10%),-0.0029,8461000000.0,-92000000.0,-8553000000.0,114904000000.0,87292000000.0,25837000000.0,1805000000.0,35913000000.0,34108000000.0,32489882349.66,66597882349.66,29.0826,1.0358,1.6971,7.4113,0.0159,0.0434,0.0198,0.0198,1.39,0.3125,Elevated (1-2x),0.922,0.44311510737906,2.2201,33.9459,1.2132,27.962,1.264,0.039000039000039,0.0519,-0.5059,-0.5255,0.111,-1.6619
EXC,2017,Utilities,1,Positive Return,17.79049137361614,Outperformer (5-20%),33565000000.0,0.0701,Moderate (5-15%),7774000000.0,4162000000.0,3786000000.0,4.0,3.99,0.2316,0.1555,0.317,0.1128,Medium (10-20%),-0.0031,7480000000.0,-104000000.0,-7584000000.0,116770000000.0,84583000000.0,29896000000.0,2081000000.0,35582000000.0,33501000000.0,38040149406.07,71541149406.07,9.8975,1.1333,1.6454,6.7194,0.0503,0.1266,0.0249,0.0249,1.1902,0.3047,Elevated (1-2x),1.102,0.6043711798481199,3.3462,35.4435,3.9979,31.569000000000003,1.308,0.0345977975523539,0.0803,2.3773,2.3058,-0.1159,-0.1304
EXC,2018,Utilities,1,Positive Return,6.712644844072048,Outperformer (5-20%),35985000000.0,0.0721,Moderate (5-15%),8195000000.0,3898000000.0,2010000000.0,2.08,2.07,0.2277,0.1024,0.268,0.0559,Low (0-10%),0.0292,8644000000.0,1050000000.0,-7594000000.0,119666000000.0,86596000000.0,30764000000.0,2400000000.0,36528000000.0,34128000000.0,43612139544.6,77740139544.6,21.6827,1.212,1.8106,8.0518,0.0256,0.0653,0.0231,0.0231,1.1874,0.3052,Elevated (1-2x),1.172,0.72457032620133,2.3707,37.213,2.0786,31.814,1.38,0.030998929903907,0.0542,-0.4691,-0.48,0.1556,11.0962
FCX,2014,Basic Materials,0,Negative/Flat Return,-70.57682249401594,Heavy Decline (<-20%),20001000000.0,-0.044,Declining,1507000000.0,-298000000.0,-1103000000.0,-1.26,-1.26,0.0753,-0.0136,0.18,-0.0551,Negative,0.1651,5631000000.0,3302000000.0,-2329000000.0,58674000000.0,35449000000.0,18287000000.0,464000000.0,18849000000.0,18385000000.0,24273799913.92,42658799913.92,0.0,1.2136,1.3272,11.8794,-0.0223,-0.0603,-0.0038,-0.0038,1.0307,0.3212,Elevated (1-2x),1.749,0.32965970610982,-0.4488,19.2502,-1.0616,17.601,1.25,0.056375638456266,-0.7602,-1.4921,-1.4755,-0.0827,2.021
FCX,2015,Basic Materials,1,Positive Return,101.37404076707536,Strong Outperformer (>20%),14607000000.0,-0.2697,Declining,-12808000000.0,-13512000000.0,-12116000000.0,-11.31,-11.31,-0.8768,-0.9208,-0.6809999999999999,-0.8295,Negative,0.0157,3220000000.0,229000000.0,-2991000000.0,46577000000.0,33769000000.0,7828000000.0,177000000.0,20324000000.0,20147000000.0,7825241342.01,27972241342.01,0.0,0.5357,1.0188,0.0,-0.3539,-1.5478,-0.2236,-0.2236,2.5963,0.4364,High (>2x),1.733,0.22614348734618,-21.799,13.5,-11.1978,7.235,0.4629999999999999,0.084051066927572,-9.499,-8.3547,-7.9762,-0.4282,-0.9306
FCX,2016,Basic Materials,1,Positive Return,37.59069973364564,Strong Outperformer (>20%),14830000000.0,0.0153,Flat (0-5%),-2704000000.0,-2729000000.0,-4252000000.0,-3.16,-3.16,-0.1823,-0.2108,-0.035,-0.2867,Negative,0.4829,3737000000.0,7162000000.0,3425000000.0,37317000000.0,28060000000.0,6051000000.0,4245000000.0,16027000000.0,11782000000.0,18764064842.9,30546064842.9,0.0,1.2653,3.1996,0.0,-0.1443,-0.7027,-0.0636,-0.0636,2.6487,0.4295,High (>2x),2.447,1.2593200468933,-4.1404,11.2519,-3.2261,4.591,0.0,0.00033619272342,0.7889,0.6605,0.7206,0.1606,30.2751
FCX,2017,Basic Materials,0,Negative/Flat Return,-47.35527339147944,Heavy Decline (<-20%),16403000000.0,0.1061,Moderate (5-15%),4423000000.0,3690000000.0,1821000000.0,1.25,1.25,0.2696,0.2137,0.318,0.111,Medium (10-20%),0.2136,4666000000.0,3504000000.0,-1162000000.0,37302000000.0,26006000000.0,7977000000.0,4526000000.0,13229000000.0,8703000000.0,28618867506.36,37321867506.36,15.816,1.7447,3.5862,7.1512,0.0634,0.2283,0.0888,0.0888,1.6584,0.3546,Elevated (1-2x),2.162,1.1900691900692,4.3758,11.3359,1.2585,5.513,0.0,7.1146857822147e-05,2.6357,1.4374,1.3956,0.2486,-0.5108
FCX,2018,Basic Materials,1,Positive Return,28.96251918469469,Strong Outperformer (>20%),18628000000.0,0.1356,Moderate (5-15%),5183000000.0,4754000000.0,2602000000.0,1.79,1.78,0.2782,0.2436,0.3379999999999999,0.1397,Medium (10-20%),0.1082,3863000000.0,2015000000.0,-1848000000.0,42216000000.0,24324000000.0,9798000000.0,4217000000.0,11141000000.0,6924000000.0,14939537075.84,21863537075.84,5.7598,0.802,1.5247,3.4748,0.0735,0.2656,0.1117,0.1117,1.1371,0.2639,Elevated (1-2x),3.22,1.5157705016521,4.8021,12.8558,1.7957,6.7620000000000005,0.15,0.014710489105746,0.1718,0.432,0.432,-0.1721,-0.4249
FDX,2014,Industrials,0,Negative/Flat Return,-13.091789793661466,Underperformer (-5% to -20%),45567000000.0,0.0289,Flat (0-5%),28515000000.0,3815000000.0,2324000000.0,7.56,7.48,0.6258,0.0838,0.141,0.051,Low (0-10%),0.016,4264000000.0,731000000.0,-3533000000.0,33070000000.0,17793000000.0,15277000000.0,2908000000.0,5495000000.0,2587000000.0,42628236516.75,45215236516.75,19.0807,0.9355,3.4138,7.0594,0.0972,0.1521,0.0959,0.0959,0.3597,0.1662,Conservative (<0.5x),1.823,1.5753012048193002,23.8625,154.1945,7.8642,51.696000000000005,0.6,0.0047025256522921,0.0243,-0.1443,-0.122,-0.0904,-0.4433
FDX,2015,Industrials,1,Positive Return,30.956516539227238,Strong Outperformer (>20%),47453000000.0,0.0414,Flat (0-5%),30469000000.0,1867000000.0,1050000000.0,3.7,3.65,0.6421,0.0392,0.094,0.0221,Low (0-10%),0.0215,5366000000.0,1019000000.0,-4347000000.0,36531000000.0,21538000000.0,14993000000.0,3763000000.0,7979000000.0,4216000000.0,49762403009.02,53978403009.02,47.3973,1.0487,4.4498,12.0676,0.0416,0.07,0.0435,0.0435,0.5322,0.2184,Moderate (0.5-1x),1.735,1.5920080591001,7.9234,167.2313,3.7004,52.838,0.8,0.0047313156726002,0.0685,-0.5482,-0.5106,0.2584,0.3939999999999999
FDX,2016,Industrials,1,Positive Return,34.132440660121944,Strong Outperformer (>20%),50365000000.0,0.0614,Moderate (5-15%),33038000000.0,3077000000.0,1820000000.0,6.59,6.51,0.6559999999999999,0.0611,0.113,0.0361,Low (0-10%),0.0177,5708000000.0,890000000.0,-4818000000.0,45959000000.0,32175000000.0,13784000000.0,3534000000.0,14162000000.0,10628000000.0,44281868017.14,54909868017.14,25.0334,0.8792,6.2927,9.6215,0.0644,0.132,0.0558,0.0558,1.0274,0.3081,Elevated (1-2x),1.497,1.3469030969031,9.1548,187.6324,6.7803,51.352,1.0,0.0064458585433907,0.0843,0.7333,0.7811,0.0637,-0.1266
FDX,2017,Industrials,0,Negative/Flat Return,-36.71779127860864,Heavy Decline (<-20%),60319000000.0,0.1976,High Growth (>15%),38302000000.0,4566000000.0,2997000000.0,11.24,11.07,0.635,0.0844,0.134,0.0497,Low (0-10%),-0.0031,4930000000.0,-186000000.0,-5116000000.0,48552000000.0,32479000000.0,16073000000.0,3969000000.0,15462000000.0,11493000000.0,51827961083.36,63320961083.36,17.2456,0.8592,5.811,7.8309,0.0977,0.1865,0.0778,0.0778,0.962,0.3185,Moderate (0.5-1x),1.595,1.4609749936853,9.9434,225.597,11.209,60.114,1.6,0.0083936311664688,0.1593,0.6467,0.7056,-0.1363,-1.209
FDX,2018,Industrials,0,Negative/Flat Return,-5.863066213807714,Underperformer (-5% to -20%),65450000000.0,0.0851,Moderate (5-15%),40992000000.0,4272000000.0,4572000000.0,17.08,16.79,0.6263,0.075,0.122,0.0699,Low (0-10%),-0.0151,4674000000.0,-989000000.0,-5663000000.0,52330000000.0,32914000000.0,19416000000.0,3265000000.0,17136000000.0,13871000000.0,66568652367.84,80439652367.84,14.5855,1.0171,5.3499,10.0474,0.1435,0.2355,0.0655,0.0655,0.8826,0.3275,Moderate (0.5-1x),1.386,1.2201101069908,8.8011,244.9337,17.1098,72.661,2.0,0.0081344541084392,0.0702,0.5255,0.5196,-0.0519,-4.3172
GE,2014,Industrials,1,Positive Return,28.77399490154212,Strong Outperformer (>20%),117184000000.0,0.0348,Flat (0-5%),30950000000.0,12987000000.0,15233000000.0,1.51,1.5,0.2641,0.1598,0.2019999999999999,0.13,Medium (10-20%),0.2005,27709000000.0,23498000000.0,-4211000000.0,654954000000.0,518023000000.0,128159000000.0,,261424000000.0,,244006185702.4791,199576968260.4,16.0915,2.0822,3.9502,0.0,,0.1189,,,2.0398,0.3991,High (>2x),,,6.8781,11.6692,1.5169,12.762,0.89,0.041204364766204,0.0067,0.1667,0.1797,-0.0281,-0.0398
GE,2015,Industrials,1,Positive Return,6.247194731720669,Outperformer (5-20%),117386000000.0,0.0017,Flat (0-5%),32088000000.0,11649000000.0,-6126000000.0,-0.62,-0.61,0.2734,0.0326,0.074,-0.0522,Negative,0.1263,19891000000.0,14824000000.0,-5067000000.0,493071000000.0,389961000000.0,98274000000.0,102456000000.0,197602000000.0,,302790915604.1,199576968260.4,0.0,2.5794,20.2522,0.0,,-0.0623,,,2.0107,0.4008,High (>2x),1.5611438903692,1.4114198705748,1.1037,11.6118,-0.606,9.721,0.92,0.03370155577397,0.0368,-1.4034,-1.4106,-0.2821,-0.3691
GE,2016,Industrials,0,Negative/Flat Return,-42.09967597223467,Heavy Decline (<-20%),119469000000.0,0.0177,Flat (0-5%),29020000000.0,10282000000.0,7500000000.0,0.76,0.75,0.2429,0.0954,0.155,0.0628,Low (0-10%),-0.0198,1160000000.0,-2364000000.0,-3524000000.0,365183000000.0,284668000000.0,75828000000.0,92442000000.0,136211000000.0,,269560118968.0,199576968260.4,40.0937,2.2563,0.0,0.0,,0.0989,,,1.7963,0.373,Elevated (1-2x),1.8523412601128,1.6511890169158998,2.2671,13.5048,0.8478,8.572000000000001,0.93,0.034777184095332,-0.0956,2.1139,2.2258,-0.9417,-1.1595
GE,2017,Industrials,0,Negative/Flat Return,-56.65613749801864,Heavy Decline (<-20%),118243000000.0,-0.0103,Declining,15192000000.0,-6009000000.0,-8484000000.0,-1.03,-1.03,0.1285,-0.0527,0.01,-0.0718,Negative,0.0326,6032000000.0,3858000000.0,-2174000000.0,369245000000.0,292355000000.0,56030000000.0,82663000000.0,134489000000.0,,149927341522.5,199576968260.4,0.0,1.268,0.0,0.0,,-0.1514,,,2.4003,0.3642,High (>2x),1.7918863049096,1.5957235142119,-1.2787,13.6349,-0.9783,6.461,0.84,0.0594157223998609,-0.4765,-2.3031,-2.3553,4.2,2.632
GE,2018,Industrials,1,Positive Return,44.75784025571753,Strong Outperformer (>20%),121615000000.0,0.0285,Flat (0-5%),26154000000.0,-14557000000.0,-22355000000.0,-2.62,-2.62,0.2151,-0.1374,-0.07,-0.1838,Negative,0.0058,4246000000.0,709000000.0,-3537000000.0,311072000000.0,259591000000.0,30981000000.0,64959000000.0,103600000000.0,65985000000.0,63311839462.0,135787839462.0,0.0,0.5206,0.0,0.0,,-0.7216,,,3.344,0.3329999999999999,High (>2x),1.7182084143933,1.4025869878373,-3.3036,13.9818,-2.5701,3.562,0.37,0.070768174011214,0.7216,-1.5563,-1.5437,-0.2961,-0.8162
GILD,2014,Healthcare,1,Positive Return,7.888132292416955,Outperformer (5-20%),24890000000.0,1.2219,High Growth (>15%),21102000000.0,15265000000.0,12101000000.0,7.95,7.35,0.8478,0.6151,0.657,0.4862,High (≥20%),0.4926,12818000000.0,12261000000.0,-557000000.0,34664000000.0,18845000000.0,15426000000.0,10128000000.0,12404000000.0,2276000000.0,142206700028.58,144482700028.58,11.8566,5.7134,44.5668,8.8315,0.888,0.7845,0.5057,0.5057,0.8041,0.3578,Moderate (0.5-1x),3.075,2.5625759416768,37.1602,16.3535,7.9507,10.135,0.0,-0.0,1.5293,2.9353,2.9552,3.1282,3.2062
GILD,2015,Healthcare,0,Negative/Flat Return,-25.24525985504917,Heavy Decline (<-20%),32639000000.0,0.3113,High Growth (>15%),28633000000.0,22193000000.0,18108000000.0,12.37,11.91,0.8773,0.6847,0.718,0.5548,High (≥20%),0.6282,21250000000.0,20503000000.0,-747000000.0,51716000000.0,32603000000.0,18534000000.0,14607000000.0,22055000000.0,7448000000.0,145833023021.34,153281023021.34,8.1803,4.4681,20.3944,6.5373,1.056,0.977,0.5022,0.5022,1.19,0.4265,Elevated (1-2x),2.504,2.0688574317492,32.484,22.2944,12.3689,12.66,1.29,0.01387523922719,0.3569,0.4964,0.556,0.6578,0.6722
GILD,2016,Healthcare,0,Negative/Flat Return,-0.5828590459592349,Neutral (-5% to 5%),30390000000.0,-0.0689,Declining,26129000000.0,17633000000.0,13501000000.0,10.08,9.94,0.8598,0.5947,0.633,0.4443,High (≥20%),0.5363,17047000000.0,16299000000.0,-748000000.0,56977000000.0,37614000000.0,18887000000.0,11895000000.0,26346000000.0,14451000000.0,97702542225.36,112153542225.36,7.3571,3.215,11.1528,5.8316,1.0201,0.7148,0.3114,0.3114,1.3949,0.4624,Elevated (1-2x),2.125,1.780104144066,18.749,22.696,10.0829,14.105,1.84,0.0265042472003529,-0.0875,-0.2544,-0.1851,-0.1978,-0.205
GILD,2017,Healthcare,0,Negative/Flat Return,-12.910367933633154,Underperformer (-5% to -20%),26107000000.0,-0.1409,Declining,21736000000.0,14124000000.0,4628000000.0,3.54,3.51,0.8326,0.5604,0.61,0.1773,Medium (10-20%),0.4331,11898000000.0,11308000000.0,-590000000.0,70283000000.0,49782000000.0,20442000000.0,25510000000.0,33542000000.0,8032000000.0,96794532603.6,104826532603.6,20.9322,3.7076,0.0,6.5858,0.1971,0.2264,0.2464,0.2464,1.6408,0.4772,Elevated (1-2x),2.735,2.5235066609368,13.0868,19.9748,3.5409,15.64,2.08,0.029374267830106,-0.1681,-0.6572,-0.6488,-0.302,-0.3062
GILD,2018,Healthcare,1,Positive Return,6.367174645398372,Outperformer (5-20%),22127000000.0,-0.1524,Declining,17274000000.0,8200000000.0,5455000000.0,4.2,4.17,0.7807,0.4009,0.465,0.2465,High (≥20%),0.3379,8400000000.0,7476000000.0,-924000000.0,63675000000.0,42141000000.0,21387000000.0,30089000000.0,27322000000.0,-2767000000.0,80915906730.6,78148906730.6,14.8929,3.6569,52.5061,7.5873,0.1866,0.2551,0.2003,0.2003,1.2775,0.4291,Elevated (1-2x),3.379,3.150966525224,8.2368,17.047,4.2026,16.477,2.28,0.036947277496021,-0.2053,0.1787,0.1864,-0.294,-0.3389
GM,2014,Consumer Cyclical,1,Positive Return,1.7221167689268104,Neutral (-5% to 5%),155929000000.0,0.0032,Flat (0-5%),13808000000.0,1530000000.0,3949000000.0,1.75,1.65,0.0886,0.0294,0.076,0.0253,Low (0-10%),0.019,10061000000.0,2970000000.0,-7091000000.0,177501000000.0,141477000000.0,35457000000.0,29514000000.0,46665000000.0,17151000000.0,56089767379.17,73240767379.17,19.9486,0.3597,1.9362,6.1974,0.0701,0.1114,0.0099,0.0099,1.3161,0.2629,Elevated (1-2x),1.274,1.0832965258845,11.3648,97.152,2.4604,22.092,1.2,0.068334018886551,-0.2352,-0.2562,-0.3542,-0.2034,-0.4136
GM,2015,Consumer Cyclical,1,Positive Return,9.714590546146836,Outperformer (5-20%),135725000000.0,-0.1296,Declining,17426000000.0,5538000000.0,9687000000.0,6.11,5.91,0.1284,0.0655,0.121,0.0714,Low (0-10%),0.0365,11769000000.0,4956000000.0,-6813000000.0,194338000000.0,154015000000.0,39871000000.0,23401000000.0,63111000000.0,39710000000.0,52925576709.1,92635576709.1,5.5663,0.3899,1.5569,5.6561,0.185,0.243,0.0291,0.0291,1.5829,0.3247,Elevated (1-2x),0.975,0.95888622098656,21.0189,85.5769,6.1078,25.139,1.38,0.04825330483269,0.262,2.4547,2.4914,0.1698,0.6687
GM,2016,Consumer Cyclical,1,Positive Return,22.68326585567989,Strong Outperformer (>20%),149184000000.0,0.0992,Moderate (5-15%),19031000000.0,8686000000.0,9427000000.0,6.12,6.0,0.1276,0.0853,0.151,0.0632,Low (0-10%),0.0551,16607000000.0,8223000000.0,-8384000000.0,221690000000.0,177615000000.0,43836000000.0,24415000000.0,75123000000.0,50708000000.0,53580691213.35,104288691213.35,5.7435,0.3592,1.4139,4.6252,0.1596,0.2151,0.04,0.04,1.7137,0.3389,Elevated (1-2x),0.895,0.7776734248247801,22.6092,96.8727,6.1214,28.465,1.52,0.048399821770927,0.0921,-0.0268,0.0016,0.4111,0.6592
GM,2017,Consumer Cyclical,0,Negative/Flat Return,-16.70243956907008,Underperformer (-5% to -20%),145588000000.0,-0.0241,Declining,18231000000.0,8661000000.0,-3864000000.0,-2.65,-2.6,0.1252,0.0566,0.141,-0.0265,Negative,0.061,17328000000.0,8875000000.0,-8453000000.0,212482000000.0,176282000000.0,35001000000.0,23825000000.0,94219000000.0,70394000000.0,59373036008.0,129767036008.0,0.0,0.4078,2.0232,6.3286,-0.0536,-0.1104,0.0394,0.0394,2.6919,0.4434,High (>2x),0.894,0.95874626089218,14.3374,99.3775,-2.6375,23.891,1.52,0.038744111281138,-0.042,-1.4116,-1.433,0.0434,0.0793
GM,2018,Consumer Cyclical,1,Positive Return,13.37436463422488,Outperformer (5-20%),147049000000.0,0.01,Flat (0-5%),14095000000.0,4445000000.0,8014000000.0,5.61,5.53,0.0959,0.0622,0.155,0.0545,Low (0-10%),0.0442,15256000000.0,6495000000.0,-8761000000.0,227339000000.0,184562000000.0,38860000000.0,26810000000.0,104951000000.0,78141000000.0,47211451523.85,125352451523.85,5.9626,0.3211,1.4212,5.495,0.1063,0.2062,0.019,0.019,2.7007,0.4616,High (>2x),0.916,1.0371487286744,13.9588,104.2162,5.6797,27.541,1.52,0.048487615580651,-0.2269,3.0402,3.117,-0.1196,-0.2682
GOOGL,2014,Technology,1,Positive Return,46.91908747050967,Strong Outperformer (>20%),66001000000.0,0.1888,High Growth (>15%),40310000000.0,16496000000.0,14136000000.0,20.91,20.57,0.6107,0.2693,0.345,0.2142,High (≥20%),0.1828,23024000000.0,12065000000.0,-10959000000.0,129187000000.0,25327000000.0,103860000000.0,64395000000.0,5237000000.0,-59158000000.0,359981517951.64,300823517951.64,25.3783,5.4542,4.3069,13.2207,0.1648,0.1361,0.2061,0.2061,0.0504,0.0405,Conservative (<0.5x),4.688,4.449192442934599,0.0,97.644,20.9133,153.654,0.0,-0.0,0.2024,0.1102,0.093,0.2339,0.2245
GOOGL,2015,Technology,1,Positive Return,4.34662510000872,Neutral (-5% to 5%),74989000000.0,0.1362,Moderate (5-15%),46825000000.0,19360000000.0,16348000000.0,23.11,22.84,0.6244,0.2621,0.33,0.218,High (≥20%),0.2221,26572000000.0,16657000000.0,-9915000000.0,147461000000.0,27130000000.0,120331000000.0,73066000000.0,5220000000.0,-67846000000.0,535057054843.64,467211054843.64,33.6655,7.1351,5.3179,18.9047,0.1638,0.1359,0.2075,0.2075,0.0434,0.0354,Conservative (<0.5x),4.667,4.4055929570171,0.0,109.0392,23.7711,174.97,0.0,-0.0,0.1616,0.1196,0.1052,0.1541,0.3806
GOOGL,2016,Technology,1,Positive Return,30.369675088507428,Strong Outperformer (>20%),90272000000.0,0.2038,High Growth (>15%),55134000000.0,23716000000.0,19478000000.0,28.32,27.85,0.6108,0.2675,0.336,0.2158,High (≥20%),0.2887,36036000000.0,26064000000.0,-9972000000.0,167497000000.0,28461000000.0,139036000000.0,86333000000.0,3935000000.0,-82398000000.0,556911672297.89,474513672297.89,28.5314,6.1693,4.6697,15.6636,0.1585,0.1401,0.2301,0.2301,0.0283,0.0235,Conservative (<0.5x),6.291,5.9960611124373,0.0,130.9735,28.2602,201.724,0.0,-0.0,0.1774,0.2308,0.2254,0.3562,0.5647
GOOGL,2017,Technology,0,Negative/Flat Return,-2.632290141560211,Neutral (-5% to 5%),110855000000.0,0.228,High Growth (>15%),65272000000.0,26146000000.0,12662000000.0,18.27,18.0,0.5888,0.2453,0.308,0.1142,Medium (10-20%),0.2166,37091000000.0,24006000000.0,-13085000000.0,197295000000.0,44793000000.0,152502000000.0,101871000000.0,3969000000.0,-97902000000.0,745668573546.31,647766573546.31,58.7417,6.7265,5.6039,18.9916,0.0889,0.083,0.2294,0.2294,0.026,0.0201,Conservative (<0.5x),5.14,4.9707232353306,0.0,159.549,18.2239,219.49,0.0,-0.0,0.1839,-0.3499,-0.3549,0.0293,-0.079
GOOGL,2018,Technology,1,Positive Return,26.99491281130573,Strong Outperformer (>20%),136819000000.0,0.2342,High Growth (>15%),77270000000.0,26321000000.0,30736000000.0,44.22,43.7,0.5648,0.2552,0.321,0.2246,High (≥20%),0.1676,47971000000.0,22930000000.0,-25041000000.0,232792000000.0,55164000000.0,177628000000.0,109140000000.0,4012000000.0,-105128000000.0,726734149270.0801,621606149270.0801,23.6309,5.3116,4.6136,14.1441,0.1912,0.173,0.1848,0.1848,0.0226,0.0172,Conservative (<0.5x),3.919,3.7544194107452,0.0,196.73,44.1948,255.409,0.0,-0.0,0.1838,1.4274,1.4204,0.2933,-0.0448
GS,2014,Financial Services,0,Negative/Flat Return,-6.070657481951574,Underperformer (-5% to -20%),34528000000.0,0.0094,Flat (0-5%),34528000000.0,12357000000.0,8477000000.0,17.55,17.07,1.0,0.3579,0.397,0.2455,High (≥20%),-0.2485,-7932000000.0,-8580000000.0,-648000000.0,855842000000.0,773045000000.0,82797000000.0,,460518000000.0,,84421789886.07,-125174659896.38,11.0444,2.445,1.0539,0.0,,0.1024,,,5.562,0.5381,High (>2x),,,0.0,75.2408,18.4724,180.425,2.25,0.017413982670876,0.0094,0.0454,0.0741,-2.7460000000000004,-3.2006
GS,2015,Financial Services,1,Positive Return,37.27668281026569,Strong Outperformer (>20%),33820000000.0,-0.0205,Declining,33820000000.0,8778000000.0,6083000000.0,12.35,12.14,1.0,0.2596,0.289,0.1799,Medium (10-20%),0.2329,9481000000.0,7876000000.0,-1605000000.0,861395000000.0,774667000000.0,86728000000.0,162074000000.0,447893000000.0,,76874612657.49,-125174659896.38,14.5935,2.2731,0.9185,0.0,,0.0701,,,5.1643,0.52,High (>2x),1.7265862444568998,0.47722367954048,0.0,75.3397,13.5509,193.201,2.55,0.021845943452674,-0.0205,-0.3106,-0.2963,2.1953,1.9179
GS,2016,Financial Services,1,Positive Return,6.788591872079457,Outperformer (5-20%),30790000000.0,-0.0896,Declining,30790000000.0,10486000000.0,7398000000.0,16.53,16.29,1.0,0.3347,0.367,0.2403,High (≥20%),0.1302,6494000000.0,4010000000.0,-2484000000.0,860165000000.0,773272000000.0,86893000000.0,232272000000.0,446357000000.0,,96060121350.69,-125174659896.38,14.614,3.1198,1.154,0.0,,0.0851,,,5.1369,0.5189,High (>2x),1.8708945767023,0.66156376153203,0.0,72.0402,17.3093,203.306,2.6,0.017107362118652,-0.0896,0.2728,0.3385,-0.3151,-0.4909
GS,2017,Financial Services,0,Negative/Flat Return,-33.76185032692218,Heavy Decline (<-20%),32730000000.0,0.063,Moderate (5-15%),32730000000.0,11789000000.0,4286000000.0,9.12,9.01,1.0,0.3401,0.375,0.131,Medium (10-20%),-0.6366,-18227000000.0,-20837000000.0,-2610000000.0,916776000000.0,834533000000.0,82243000000.0,209312000000.0,500838000000.0,,96439102135.93,-125174659896.38,28.034,2.9465,1.2112,0.0,,0.0521,,,6.0897,0.5463,High (>2x),1.9151255779751,0.6286915050759201,0.0,81.499,10.6723,204.788,2.9,0.017615667604279,0.063,-0.48,-0.4483,-3.8067,-6.1963
GS,2018,Financial Services,1,Positive Return,36.41234976591528,Strong Outperformer (>20%),36616000000.0,0.1187,Moderate (5-15%),36616000000.0,13155000000.0,10459000000.0,25.53,25.27,1.0,0.3409,0.377,0.2856,High (≥20%),0.4411,20421000000.0,16150000000.0,-4271000000.0,931796000000.0,841611000000.0,90185000000.0,250434000000.0,485512000000.0,-421094000000.0,62138213267.0,-148754786733.0,6.5433,1.6969999999999998,0.7028,0.0,,0.1159999999999999,,,5.3835,0.521,High (>2x),1.8910303449771,0.6874296411804399,0.0,95.0078,27.138,234.004,3.15,0.028354609293266,0.1187,1.6757,1.7993,2.1204,1.7751
HD,2014,Consumer Cyclical,1,Positive Return,30.43757943314476,Strong Outperformer (>20%),78812000000.0,0.0543,Moderate (5-15%),26915000000.0,9166000000.0,5385000000.0,3.78,3.76,0.3415,0.1163,0.139,0.0683,Low (0-10%),0.0803,7628000000.0,6327000000.0,-1301000000.0,40518000000.0,27996000000.0,12522000000.0,1929000000.0,14724000000.0,12795000000.0,105743767532.52,118538767532.52,19.8651,1.3417,9.2651,10.8522,0.1932,0.43,0.2055,0.2055,1.1759,0.3634,Elevated (1-2x),1.421,0.30951716438738,13.113,55.3067,3.7789,8.787,1.56,,0.0415,0.1874,0.2475,0.0936,0.1075
HD,2015,Consumer Cyclical,1,Positive Return,4.473638751088286,Neutral (-5% to 5%),83176000000.0,0.0554,Moderate (5-15%),28389000000.0,10469000000.0,6345000000.0,4.74,4.71,0.3413,0.1259,0.147,0.0763,Low (0-10%),0.0823,8242000000.0,6848000000.0,-1394000000.0,39946000000.0,30624000000.0,9322000000.0,1723000000.0,17197000000.0,15474000000.0,137620710160.5,153094710160.5,22.0316,1.6546,17.1407,12.4924,0.2372,0.6806,0.2398,0.2398,1.8448,0.4305,Elevated (1-2x),1.358,0.2845860324784799,21.2353,62.1644,4.7422,6.9670000000000005,1.88,0.020021917621271,0.0548,0.1783,0.254,0.0805,0.0823
HD,2016,Consumer Cyclical,1,Positive Return,44.36519651816478,Strong Outperformer (>20%),88519000000.0,0.0642,Moderate (5-15%),30265000000.0,11774000000.0,7009000000.0,5.49,5.46,0.3419,0.133,0.154,0.0792,Low (0-10%),0.0894,9373000000.0,7913000000.0,-1460000000.0,41973000000.0,35657000000.0,6316000000.0,2216000000.0,21216000000.0,19000000000.0,160399658582.13,179399658582.13,23.0437,1.812,37.7068,13.1554,0.268,1.1097,0.266,0.266,3.3591,0.5055,High (>2x),1.3159999999999998,0.3278505269881799,15.6361,69.3179,5.4886,4.946000000000001,2.36,0.02033682956154,0.0661,0.1046,0.1582,0.1372,0.1555
HD,2017,Consumer Cyclical,0,Negative/Flat Return,-6.5559625430561255,Underperformer (-5% to -20%),94595000000.0,0.0686,Moderate (5-15%),32313000000.0,13427000000.0,7957000000.0,6.47,6.45,0.3416,0.1419,0.163,0.0841,Low (0-10%),0.0867,9783000000.0,8200000000.0,-1583000000.0,42966000000.0,38633000000.0,4333000000.0,2538000000.0,23601000000.0,21063000000.0,168678749515.9,189741749515.9,21.4019,1.7832,74.6749,12.3209,0.312,1.8364,0.3046,0.3046,5.4468,0.5493,High (>2x),1.254,0.32314441378334,14.3451,76.9691,6.4744,3.526,2.76,0.021229380701277,0.0677,0.1353,0.1785,0.0437,0.0363
HD,2018,Consumer Cyclical,1,Positive Return,30.113034475460463,Strong Outperformer (>20%),100904000000.0,0.0667,Moderate (5-15%),34356000000.0,14681000000.0,8630000000.0,7.33,7.29,0.3405,0.1455,0.166,0.0855,Low (0-10%),0.1009,12031000000.0,10181000000.0,-1850000000.0,44529000000.0,43075000000.0,1454000000.0,3595000000.0,27028000000.0,23433000000.0,239295047005.48,262728047005.48,27.9563,2.3715,0.0,15.6918,0.3478,5.9354,0.3336,0.3336,18.5887,0.607,High (>2x),1.169,0.34253427195258,14.9349,85.65700000000001,7.326,1.234,3.56,0.01810178662468,0.0632,0.0846,0.1329,0.2298,0.2416
HON,2014,Industrials,1,Positive Return,5.579204753207389,Outperformer (5-20%),40306000000.0,0.032,Flat (0-5%),11349000000.0,5831000000.0,4239000000.0,5.4,5.33,0.2816,0.15,0.173,0.1052,Medium (10-20%),0.0993,5080000000.0,4004000000.0,-1076000000.0,45451000000.0,27667000000.0,17657000000.0,9104000000.0,8683000000.0,-421000000.0,74571059526.7275,74150059526.7275,17.6409,1.8501,28.0237,10.6385,0.3311,0.2401,0.1513,0.1513,0.4918,0.191,Conservative (<0.5x),1.5019999999999998,1.1550802139037,19.0126,51.4888,5.4151,22.556,1.867,0.021193265821103,0.0615,0.0803,0.0822,0.1719,0.1766
HON,2015,Industrials,1,Positive Return,16.183734083668362,Outperformer (5-20%),38581000000.0,-0.0428,Declining,11834000000.0,6828000000.0,4768000000.0,6.11,6.04,0.3067,0.1767,0.2,0.1236,Medium (10-20%),0.1156,5519000000.0,4461000000.0,-1058000000.0,49316000000.0,30898000000.0,18283000000.0,7558000000.0,12068000000.0,4510000000.0,76098456057.7695,80608456057.7695,16.1605,1.9724,0.0,10.4686,0.6382,0.2608,0.1434,0.1434,0.6601,0.2447,Moderate (0.5-1x),1.092,0.85096075336128,21.9903,50.0602,6.1867,23.723000000000003,2.147,0.0232559444153629,0.0427,0.1248,0.1315,0.0864,0.1141
HON,2016,Industrials,1,Positive Return,34.83514252468465,Strong Outperformer (>20%),39302000000.0,0.0187,Flat (0-5%),11625000000.0,6051000000.0,4812000000.0,6.3,6.21,0.2958,0.1718,0.198,0.1224,Medium (10-20%),0.1126,5498000000.0,4424000000.0,-1074000000.0,54146000000.0,34599000000.0,19369000000.0,9363000000.0,15775000000.0,6412000000.0,84864567871.3934,91276567871.3934,17.675,2.1593,0.0,11.7277,0.3843,0.2484,0.1187,0.1187,0.8144,0.2913,Moderate (0.5-1x),1.412,1.0740309840181,19.9793,51.569,6.3139,25.414,2.45,0.0227567137175329,-0.0177,0.0092,0.0311,-0.0038,-0.0083
HON,2017,Industrials,0,Negative/Flat Return,-8.416311587765781,Underperformer (-5% to -20%),40534000000.0,0.0313,Flat (0-5%),12390000000.0,6303000000.0,1545000000.0,2.03,2.0,0.3057,0.1782,0.206,0.0381,Low (0-10%),0.1239,5966000000.0,5021000000.0,-945000000.0,59470000000.0,42805000000.0,16502000000.0,10817000000.0,17882000000.0,7065000000.0,112234168751.2336,119299168751.2336,72.57300000000001,2.7689,0.0,14.3079,0.1182,0.0936,0.1128,0.1128,1.0836,0.3007,Elevated (1-2x),1.379,1.043581994592,22.8576,53.2066,2.028,21.661,2.74,0.01865671559098,0.0658,-0.6789,-0.6778,0.0851,0.1349
HON,2018,Industrials,1,Positive Return,36.9958070553383,Strong Outperformer (>20%),41802000000.0,0.0313,Flat (0-5%),12756000000.0,6705000000.0,6765000000.0,9.1,8.98,0.3052,0.1864,0.213,0.1618,Medium (10-20%),0.1345,6434000000.0,5621000000.0,-813000000.0,57773000000.0,39415000000.0,18180000000.0,10910000000.0,16214000000.0,5304000000.0,97806890592.36,103110890592.36,14.5187,2.3398,0.0,11.5764,0.6302,0.3721,0.1225,0.1225,0.8919,0.2807,Moderate (0.5-1x),1.287,0.97326146692031,21.2289,56.4672,9.1383,24.558000000000003,9.441,0.023466994561723,0.0295,3.3786,3.4828,0.0784,0.1195
IBM,2014,Technology,0,Negative/Flat Return,-11.632237406492653,Underperformer (-5% to -20%),92793000000.0,-0.0567,Declining,46407000000.0,20470000000.0,12022000000.0,11.97,11.9,0.5001,0.1804,0.2289999999999999,0.1296,Medium (10-20%),0.1411,16868000000.0,13089000000.0,-3779000000.0,117271000000.0,105257000000.0,11868000000.0,8476000000.0,40722000000.0,32246000000.0,158781126127.68,191027126127.68,13.4035,1.7111,0.0,8.9971,0.6475,1.013,0.171,0.171,3.4312,0.3472,High (>2x),1.197,1.2990070993658998,34.5868,92.3982,11.9709,11.818,4.25,0.031539088457777,-0.0468,-0.2706,-0.2052,-0.0353,-0.0458
IBM,2015,Technology,1,Positive Return,27.96523621395916,Strong Outperformer (>20%),81741000000.0,-0.1191,Declining,40684000000.0,16413000000.0,13190000000.0,13.48,13.42,0.4977,0.1987,0.246,0.1614,Medium (10-20%),0.1648,17255000000.0,13474000000.0,-3781000000.0,110495000000.0,96071000000.0,14262000000.0,8194000000.0,39889000000.0,31695000000.0,133506555540.12,165201555540.12,10.2092,1.6333,0.0,8.2214,0.6956,0.9248,0.138,0.138,2.7969,0.361,High (>2x),1.24,1.3645277072573,34.6987,83.5162,13.4764,14.572,5.0,0.0419486754368359,-0.1233,0.0972,0.1261,0.0229,0.0294
IBM,2016,Technology,0,Negative/Flat Return,-4.676963733877991,Neutral (-5% to 5%),79919000000.0,-0.0223,Declining,38516000000.0,12959000000.0,11872000000.0,12.43,12.38,0.4819,0.1621,0.217,0.1486,Medium (10-20%),0.1671,17084000000.0,13358000000.0,-3726000000.0,117470000000.0,99078000000.0,18246000000.0,8527000000.0,42168000000.0,33641000000.0,158973372381.69,192614372381.69,13.4505,1.9892,0.0,11.1132,0.6437,0.6507,0.1012,0.1012,2.3111,0.359,High (>2x),1.21,1.2899517574087,20.5571,83.6478,12.4259,19.097,5.5,0.0365718866205629,-0.0533,-0.0999,-0.0779,-0.0099,-0.0086
IBM,2017,Technology,0,Negative/Flat Return,-22.97470491377669,Heavy Decline (<-20%),79139000000.0,-0.0098,Declining,36943000000.0,12014000000.0,5753000000.0,6.17,6.14,0.4668,0.1518,0.209,0.0727,Low (0-10%),0.1695,16724000000.0,13411000000.0,-3313000000.0,125356000000.0,107631000000.0,17594000000.0,12842000000.0,46824000000.0,33982000000.0,142803320056.5,176785320056.5,25.0,1.8045,0.0,10.6812,0.2449,0.327,0.0916,0.0916,2.6614,0.3735,High (>2x),1.331,1.445868907743,19.5285,84.8377,6.1673,18.861,5.9,0.040943153294671,-0.0408,-0.5154,-0.5036,-0.0211,0.004
IBM,2018,Technology,1,Positive Return,21.92424576900648,Strong Outperformer (>20%),79591000000.0,0.0057,Flat (0-5%),36936000000.0,12065000000.0,8728000000.0,9.57,9.52,0.4641,0.1517,0.208,0.1097,Medium (10-20%),0.1449,15247000000.0,11531000000.0,-3716000000.0,123382000000.0,106452000000.0,16796000000.0,12222000000.0,45812000000.0,33590000000.0,103302588631.59,136892588631.59,11.8777,1.2979,0.0,8.2715,0.402,0.5196,0.0908,0.0908,2.7276,0.3713,High (>2x),1.286,1.3585423915033998,16.6943,87.2662,9.5697,18.416,6.21,0.055946375555552,-0.0002,0.5171,0.5511,-0.0883,-0.1402
INTC,2014,Technology,0,Negative/Flat Return,-2.402207470077875,Neutral (-5% to 5%),55870000000.0,0.06,Moderate (5-15%),35609000000.0,15347000000.0,11704000000.0,2.39,2.31,0.6374,0.282,0.435,0.2095,High (≥20%),0.1846,20418000000.0,10313000000.0,-10105000000.0,91900000000.0,36035000000.0,55865000000.0,14054000000.0,13655000000.0,-399000000.0,179765300000.0,179366300000.0,15.5565,3.2176,4.3718,7.3792,0.2603,0.2095,0.1512,0.1512,0.2444,0.1486,Conservative (<0.5x),1.732,1.1542689401037,-366.4651,11.3997,2.3881,11.399,0.9,0.027479734859488,0.1297,0.2166,0.2319999999999999,-0.0172,0.0246
INTC,2015,Technology,1,Positive Return,10.22821291153438,Outperformer (5-20%),55355000000.0,-0.0092,Declining,34679000000.0,14002000000.0,11420000000.0,2.41,2.33,0.6265,0.2586,0.416,0.2063,High (≥20%),0.2112,19018000000.0,11692000000.0,-7326000000.0,101459000000.0,40374000000.0,61085000000.0,25313000000.0,22670000000.0,-2643000000.0,164834670000.0,162191670000.0,14.4938,2.9778,3.599,7.0432,0.2094,0.187,0.1386,0.1386,0.3711,0.2234,Conservative (<0.5x),2.449,1.9238143934552,136.3524,11.6733,2.4083,12.882,0.96,0.03032599502119,-0.0261,-0.0243,0.0084,-0.0686,0.1337
INTC,2016,Technology,1,Positive Return,29.69019361238153,Strong Outperformer (>20%),59387000000.0,0.0728,Moderate (5-15%),36233000000.0,13133000000.0,10316000000.0,2.18,2.12,0.6101,0.2297,0.361,0.1737,Medium (10-20%),0.2051,21808000000.0,12183000000.0,-9625000000.0,113327000000.0,47101000000.0,66226000000.0,17099000000.0,25283000000.0,8184000000.0,173447400000.0,181631400000.0,16.789,2.9206,4.0658,8.476,0.2008,0.1558,0.1019,0.1019,0.3818,0.2231,Conservative (<0.5x),1.749,1.0732440153679,19.4011,12.5554,2.181,14.001,1.04,0.030363974035689,0.0448,-0.0967,-0.0954,0.1467,0.042
INTC,2017,Technology,1,Positive Return,2.6914852778131166,Neutral (-5% to 5%),62761000000.0,0.0568,Moderate (5-15%),39098000000.0,18050000000.0,9601000000.0,2.04,1.99,0.623,0.3298,0.4589999999999999,0.153,Medium (10-20%),0.1646,22110000000.0,10332000000.0,-11778000000.0,123249000000.0,54230000000.0,69019000000.0,14002000000.0,26813000000.0,12811000000.0,219258000000.0,232069000000.0,22.9657,3.4935,6.8809,8.0496,0.1805,0.1391,0.1205,0.1205,0.3885,0.2176,Conservative (<0.5x),1.693,1.1255955456059,59.3152,13.3506,2.0423,14.682,1.078,0.023903902650354,0.0791,-0.0693,-0.0642,0.0138,-0.1519
INTC,2018,Technology,1,Positive Return,30.295513769487663,Strong Outperformer (>20%),70848000000.0,0.1289,Moderate (5-15%),43737000000.0,23316000000.0,21053000000.0,4.57,4.48,0.6173,0.3273,0.456,0.2972,High (≥20%),0.2011,29432000000.0,14251000000.0,-15181000000.0,127963000000.0,53400000000.0,74563000000.0,11650000000.0,26359000000.0,14709000000.0,214188520000.0,228897520000.0,10.2691,3.0232,5.5853,7.0919,0.3444,0.2824,0.1444,0.1444,0.3535,0.206,Conservative (<0.5x),1.731,1.1050162396247,-184.0556,15.365,4.5658,16.171,1.2,0.025926184335157,0.1187,1.1928,1.2402,0.3312,0.3793
JNJ,2014,Healthcare,1,Positive Return,1.1905740029319023,Neutral (-5% to 5%),74331000000.0,0.0423,Flat (0-5%),51585000000.0,20959000000.0,13831000000.0,5.8,5.7,0.6940000000000001,0.2237,0.281,0.1939999999999999,Medium (10-20%),0.1938,18710000000.0,13819000000.0,-3714000000.0,130358000000.0,60606000000.0,69752000000.0,33089000000.0,18180000000.0,-11026000000.0,294830294429.46,280501294429.46,18.1603,3.9665,14.3263,11.2241,0.2915,0.1868,0.139,0.139,0.2455,0.1369999999999999,Conservative (<0.5x),2.197,1.7607766369702,33.0975,25.3852,4.9235,26.361,2.59,0.027844475002376,0.0534,0.1802,0.1789,0.0744,0.1089
JNJ,2016,Healthcare,1,Positive Return,23.74855919177533,Strong Outperformer (>20%),70074000000.0,-0.0573,Declining,48538000000.0,17556000000.0,16323000000.0,5.56,5.48,0.6927,0.2838,0.336,0.2196,High (≥20%),0.2017,19569000000.0,14996000000.0,-3463000000.0,133411000000.0,62261000000.0,71150000000.0,38376000000.0,18760000000.0,-14329000000.0,278022495841.92,259507495841.92,18.0719,3.9676,11.7233,11.0457,0.3485,0.2339999999999999,0.1726,0.1726,0.2689999999999999,0.1439,Conservative (<0.5x),2.227,1.7699210725483998,39.5797,26.4035,5.7982,24.777,2.76,0.0301592570782679,-0.0591,-0.0559999999999999,-0.0414,0.0459,0.0852
JNJ,2017,Healthcare,0,Negative/Flat Return,-4.797608027531272,Neutral (-5% to 5%),76450000000.0,0.0634,Moderate (5-15%),51011000000.0,18180000000.0,16540000000.0,0.48,0.47,0.6672,0.2856,0.3379999999999999,0.2301,High (≥20%),0.2162,21056000000.0,15541000000.0,-3279000000.0,157303000000.0,97143000000.0,60160000000.0,18296000000.0,27126000000.0,-14781000000.0,374044186561.5,390329186561.5,290.0625,4.8927,0.0,16.0967,0.3026,0.2349,0.1639,0.1639,0.3852,0.1921,Conservative (<0.5x),2.474,1.0409012018207,28.2769,26.2631,6.0425,25.725,3.15,0.023548216353495,0.0182,-0.9214,-0.9205,0.122,-0.0351
JNJ,2018,Healthcare,1,Positive Return,17.402705347423357,Outperformer (5-20%),81581000000.0,0.0,Flat (0-5%),54595000000.0,20219000000.0,15297000000.0,5.7,5.61,0.6692,0.2329,0.318,0.1875,Medium (10-20%),0.2271,22201000000.0,18531000000.0,-3670000000.0,145314000000.0,85562000000.0,59752000000.0,19687000000.0,30480000000.0,10793000000.0,343531100000.0,366415100000.0,22.6404,4.2425,0.0,14.1293,0.4805,0.256,0.118,0.118,0.5101,0.1993,Moderate (0.5-1x),1.474,1.0818123599103,18.9095,30.4236,5.7046,22.283,3.54,0.027806488255142,0.0019,0.0,0.0,0.0,0.0424
JPM,2014,Financial Services,1,Positive Return,7.834941760557156,Outperformer (5-20%),95112000000.0,-0.0232,Declining,95112000000.0,33838000000.0,20077000000.0,5.33,5.29,1.0,0.3052,0.355,0.2111,High (≥20%),0.3847,36593000000.0,36593000000.0,0.0,2572274000000.0,2340547000000.0,231727000000.0,,565046000000.0,,233935851724.68,238488958963.76,11.7411,2.4596,1.3307,5.402,,0.0866,,,2.4384,0.2197,High (>2x),,,0.0,25.2722,5.3347,61.572,1.56,0.0333556685323499,-0.0232,0.2126,0.2169,-0.6609999999999999,-0.6609999999999999
JPM,2015,Financial Services,1,Positive Return,38.70231499633203,Strong Outperformer (>20%),93543000000.0,-0.0165,Declining,93543000000.0,34529000000.0,22651000000.0,6.05,6.0,1.0,0.3091,0.362,0.2421,High (≥20%),0.7854,73466000000.0,73466000000.0,0.0,2351698000000.0,2104125000000.0,247573000000.0,912693000000.0,477996000000.0,,243064999175.31,238488958963.76,10.914,2.5984,1.3154,5.402,,0.0915,,,1.9307,0.2033,Elevated (1-2x),0.60019282868975,0.54087770883432,0.0,25.0035,6.0545,66.175,1.68,0.0348734176786479,-0.0165,0.1282,0.1351,1.0077,1.0077
JPM,2016,Financial Services,1,Positive Return,26.115003950149887,Strong Outperformer (>20%),96569000000.0,0.0323,Flat (0-5%),96569000000.0,39897000000.0,22834000000.0,6.24,6.19,1.0,0.3379999999999999,0.395,0.2365,High (≥20%),0.2266,21884000000.0,21884000000.0,0.0,2490972000000.0,2236782000000.0,254190000000.0,985406000000.0,495354000000.0,,312131992969.94,238488958963.76,13.9792,3.2322,1.5756,5.402,,0.0898,,,1.9488,0.1989,Elevated (1-2x),0.60108279149956,0.54546199980026,0.0,26.3936,6.2408,69.47399999999999,1.84,0.0282257583706279,0.0323,0.0081,0.0314,-0.7021,-0.7021
JPM,2017,Financial Services,0,Negative/Flat Return,-7.497427025398263,Underperformer (-5% to -20%),100705000000.0,0.0428,Flat (0-5%),100705000000.0,41190000000.0,22567000000.0,6.35,6.31,1.0,0.3379,0.3989999999999999,0.2241,High (≥20%),-0.1075,-10827000000.0,-10827000000.0,0.0,2533600000000.0,2277907000000.0,255693000000.0,629466000000.0,494798000000.0,,374556876037.15,238488958963.76,17.0,3.7193,1.8735,5.402,,0.0883,,,1.9351,0.1953,Elevated (1-2x),0.5901610268805,0.35431148125825,0.0,28.3548,6.354,71.994,2.04,0.024373534075977,0.0428,-0.0117,0.0176,-1.4947,-1.4947
JPM,2018,Financial Services,1,Positive Return,44.751098676230576,Strong Outperformer (>20%),109029000000.0,0.0827,Moderate (5-15%),109029000000.0,45635000000.0,30709000000.0,9.04,9.0,1.0,0.3577,0.429,0.2817,High (≥20%),0.1301,14187000000.0,14187000000.0,0.0,2622532000000.0,2366017000000.0,256515000000.0,600372000000.0,533627000000.0,-318347000000.0,324626594974.5,257881594974.5,10.7987,2.9774,1.6109,5.5115,,0.1197,,,2.0803,0.2035,High (>2x),0.5636469066629799,0.3214665133082899,0.0,32.1013,9.0416,75.52600000000001,2.48,0.030972346645976,0.0827,0.3608,0.4236,2.3103,2.3103
KMI,2014,Energy,0,Negative/Flat Return,-63.20324900223525,Heavy Decline (<-20%),16226000000.0,0.1532,High Growth (>15%),7373000000.0,4448000000.0,1026000000.0,0.89,0.89,0.4544,0.214,0.34,0.0632,Low (0-10%),0.0527,4467000000.0,855000000.0,-3612000000.0,83049000000.0,48623000000.0,34076000000.0,315000000.0,42814000000.0,42499000000.0,43504390187.31,86003390187.31,47.5393,2.6812,6.7565,15.6029,0.0285,0.0301,0.0353,0.0353,1.2564,0.5155,Elevated (1-2x),0.59,0.30745048726815,1.931,14.2709,0.9024,29.97,1.7,0.0434965411290999,0.1685,-0.14,-0.2261,0.0837,0.1355
KMI,2015,Energy,1,Positive Return,39.45672983922464,Strong Outperformer (>20%),14403000000.0,-0.1124,Declining,7512000000.0,2447000000.0,253000000.0,0.1,0.1,0.5216,0.1991,0.359,0.0176,Low (0-10%),0.1011,5313000000.0,1456000000.0,-3857000000.0,84104000000.0,48701000000.0,35119000000.0,229000000.0,43227000000.0,42998000000.0,33294199249.4,76292199249.4,149.2,2.3116,4.2757,14.7368,0.0064,0.0072,0.019,0.019,1.2309,0.514,Elevated (1-2x),0.695,0.37982779827798,1.3983,6.5857,0.1157,16.058,1.93,0.1457692111862699,0.0189,-0.7788,-0.8876,0.1894,0.7029
KMI,2016,Energy,0,Negative/Flat Return,-14.28887276911414,Underperformer (-5% to -20%),13058000000.0,-0.0934,Declining,6836000000.0,3538000000.0,708000000.0,0.25,0.25,0.5235,0.2628,0.432,0.0542,Low (0-10%),0.1689,4758000000.0,2206000000.0,-2552000000.0,80305000000.0,45503000000.0,34431000000.0,684000000.0,40050000000.0,39366000000.0,48241391961.14,87607391961.14,86.44,3.6944,5.385,15.5332,0.0197,0.0206,0.0291,0.0291,1.1632,0.4987,Elevated (1-2x),0.545,0.34672518568535,1.8998,5.8556,0.3175,15.44,0.5,0.025406440555406,-0.09,1.4317,1.5,-0.1045,0.5151
KMI,2017,Energy,0,Negative/Flat Return,-14.63357223471283,Underperformer (-5% to -20%),13705000000.0,0.0495,Flat (0-5%),6490000000.0,3529000000.0,183000000.0,0.01,0.01,0.4735,0.2884,0.4529999999999999,0.0134,Low (0-10%),0.1117,4601000000.0,1531000000.0,-3070000000.0,79055000000.0,43931000000.0,33636000000.0,264000000.0,37843000000.0,37579000000.0,41984903991.2,79563903991.2,1880.0,3.0635,5.0059,12.804,0.005,0.0054,0.0298,0.0298,1.1251,0.4787,Elevated (1-2x),0.439,0.27697783530173,2.1578,6.1457,0.0821,15.083,0.5,0.028541837530126,-0.0506,-0.9511,-0.96,-0.033,-0.306
KMI,2018,Energy,1,Positive Return,40.58806776062004,Strong Outperformer (>20%),14144000000.0,0.032,Flat (0-5%),6856000000.0,3794000000.0,1609000000.0,0.66,0.66,0.4847,0.2908,0.4529999999999999,0.1138,Medium (10-20%),0.1498,5043000000.0,2119000000.0,-2924000000.0,78866000000.0,43669000000.0,33678000000.0,3280000000.0,37324000000.0,34044000000.0,33943941254.06,67987941254.06,23.303,2.3999,3.916,10.6065,0.0446,0.0478,0.0339,0.0339,1.1083,0.4733,Elevated (1-2x),0.757,0.6322614794230501,2.1455,6.3827,0.7261,15.198,0.725,0.0486063005493509,0.0564,53.8519,65.0,0.0961,0.3841
KO,2014,Consumer Defensive,1,Positive Return,5.339412837835392,Outperformer (5-20%),45998000000.0,-0.0183,Declining,28109000000.0,9708000000.0,7098000000.0,1.62,1.6,0.6111,0.2127,0.256,0.1543,Medium (10-20%),0.1833,10615000000.0,8432000000.0,-2183000000.0,92023000000.0,61462000000.0,30320000000.0,21675000000.0,41745000000.0,20070000000.0,184928364569.22,204998364569.22,26.0617,4.0204,46.7543,17.4348,0.4656,0.2341,0.1004,0.1004,1.3768,0.4536,Elevated (1-2x),1.019,0.8074689565700899,20.2526,10.4851,1.618,6.9110000000000005,1.22,0.033243073955135,-0.0114,-0.1731,-0.1649,0.0069,0.0406
KO,2015,Consumer Defensive,1,Positive Return,0.9589586364282942,Neutral (-5% to 5%),44294000000.0,-0.037,Declining,26812000000.0,8728000000.0,7351000000.0,1.69,1.67,0.6053,0.2358,0.28,0.166,Medium (10-20%),0.182,10528000000.0,8060000000.0,-2468000000.0,89996000000.0,64232000000.0,25554000000.0,19900000000.0,44116000000.0,24216000000.0,186832402301.76,211048402301.76,25.4201,4.218,131.025,16.9981,0.3861,0.2877,0.0928,0.0928,1.7264,0.4902,Elevated (1-2x),1.24,0.88532808496417,12.2033,10.1778,1.6891,5.872000000000001,1.32,0.034201627239194,-0.0461,0.0356,0.0432,-0.0082,-0.0441
KO,2016,Consumer Defensive,1,Positive Return,13.45170798502823,Outperformer (5-20%),41863000000.0,-0.0549,Declining,25398000000.0,8657000000.0,6527000000.0,1.51,1.49,0.6067,0.2113,0.254,0.1559,Medium (10-20%),0.1596,8792000000.0,6680000000.0,-2112000000.0,87270000000.0,64050000000.0,23062000000.0,22201000000.0,45709000000.0,23508000000.0,180281703588.8,203789703588.8,27.6821,4.3065,92.9801,19.1658,0.3603,0.283,0.0995,0.0995,1.982,0.5238,Elevated (1-2x),1.2819999999999998,0.98209709030605,12.0682,9.6972,1.5119,5.3420000000000005,1.4,0.036124343188618,-0.0527,-0.1121,-0.1065,-0.1649,-0.1712
KO,2017,Consumer Defensive,1,Positive Return,7.570640532756395,Outperformer (5-20%),35410000000.0,-0.1541,Declining,22155000000.0,7599000000.0,1248000000.0,0.293,0.29,0.6257,0.216,0.252,0.0352,Low (0-10%),0.1513,6930000000.0,5359000000.0,-1571000000.0,87896000000.0,68919000000.0,17072000000.0,20675000000.0,47685000000.0,27010000000.0,194030789570.64,221040789570.64,155.4266,5.4795,445.2684,24.811,0.0711,0.0731,0.0869,0.0869,2.7932,0.5425,High (>2x),1.344,0.8951239243950899,9.0951,8.2889,0.2921,3.996,1.48,0.033902750192812,-0.1277,-0.8088,-0.8059999999999999,-0.2118,-0.1978
KO,2018,Consumer Defensive,1,Positive Return,21.67873851751337,Strong Outperformer (>20%),31856000000.0,-0.1004,Declining,20086000000.0,8700000000.0,6434000000.0,1.51,1.5,0.6305,0.2818,0.316,0.2019999999999999,High (≥20%),0.1952,7320000000.0,6218000000.0,-1102000000.0,83216000000.0,64158000000.0,16981000000.0,16115000000.0,44214000000.0,28099000000.0,201545933070.3,229644933070.3,31.3576,6.3268,0.0,22.823,1.1197,0.3789,0.0987,0.0987,2.6037,0.5313,High (>2x),0.866,0.68792995622264,9.7671,7.4797,1.5107,3.987,1.56,0.033233573954179,-0.0934,4.1554,4.1536,0.0563,0.1603
LOW,2014,Consumer Cyclical,1,Positive Return,13.977416698779347,Outperformer (5-20%),53417000000.0,0.0573,Moderate (5-15%),18476000000.0,4149000000.0,2286000000.0,2.14,2.14,0.3459,0.0777,0.107,0.0428,Low (0-10%),0.0608,4111000000.0,3246000000.0,-865000000.0,32732000000.0,20879000000.0,11853000000.0,576000000.0,10521000000.0,9945000000.0,48411412791.21,58356412791.21,21.6308,0.9063,4.0843,10.2182,0.1027,0.1929,0.1093,0.1093,0.8876,0.3214,Moderate (0.5-1x),1.16,0.064894096439838,8.7164,51.0762,2.1858,11.334,0.7,,0.0663,0.1669,0.2663,0.0928,0.2107
LOW,2015,Consumer Cyclical,0,Negative/Flat Return,-3.9202987497459847,Neutral (-5% to 5%),56223000000.0,0.0525,Moderate (5-15%),19558000000.0,4792000000.0,2698000000.0,2.71,2.71,0.3479,0.0852,0.113,0.048,Low (0-10%),0.0729,4929000000.0,4101000000.0,-828000000.0,31721000000.0,21753000000.0,9968000000.0,591000000.0,11358000000.0,10767000000.0,65924291343.68,76691291343.68,25.0037,1.1726,6.6136,12.0243,0.1314,0.2707,0.1341,0.1341,1.1394,0.3581,Elevated (1-2x),1.054,0.063222079589217,9.2868,57.7886,2.7731,10.246,0.87,0.013446326572017,0.0586,0.1802,0.2664,0.1989999999999999,0.2634
LOW,2016,Consumer Cyclical,1,Positive Return,33.60936913117761,Strong Outperformer (>20%),59074000000.0,0.0507,Moderate (5-15%),20570000000.0,4971000000.0,2546000000.0,2.73,2.73,0.3482,0.0841,0.111,0.0431,Low (0-10%),0.0617,4784000000.0,3644000000.0,-1140000000.0,31266000000.0,23612000000.0,7654000000.0,712000000.0,12649000000.0,11937000000.0,65576396137.62,77513396137.62,26.2491,1.1101,8.7435,11.8197,0.1296,0.3326,0.1468,0.1468,1.6526,0.4046,Elevated (1-2x),1.007,0.067861227601982,9.0054,64.5544,2.7822,8.363999999999999,1.07,0.0155003472851169,0.0517,-0.0563,0.0074,-0.0294,-0.1114
LOW,2017,Consumer Cyclical,1,Positive Return,2.6750350474888283,Neutral (-5% to 5%),65017000000.0,0.1006,Moderate (5-15%),21674000000.0,5846000000.0,3093000000.0,3.48,3.47,0.3334,0.0899,0.114,0.0476,Low (0-10%),0.069,5617000000.0,4487000000.0,-1130000000.0,34408000000.0,27974000000.0,6434000000.0,658000000.0,15699000000.0,15041000000.0,63751097770.08,78792097770.08,21.0603,0.9805,11.9116,10.595999999999998,0.1548,0.4807,0.1583,0.1583,2.44,0.4563,High (>2x),1.002,0.054952396859863,9.0636,74.7453,3.5558,7.397,1.33,0.018348284969686,0.0537,0.2148,0.2747,0.1741,0.2313
LOW,2018,Consumer Cyclical,1,Positive Return,32.3633518425123,Strong Outperformer (>20%),68619000000.0,0.0554,Moderate (5-15%),22434000000.0,6586000000.0,3447000000.0,4.09,4.09,0.3269,0.0892,0.1119999999999999,0.0502,Low (0-10%),0.0581,5065000000.0,3987000000.0,-1078000000.0,35291000000.0,29418000000.0,5873000000.0,690000000.0,16995000000.0,16305000000.0,84220700595.5,100525700595.5,24.8166,1.2274,18.4452,13.12,0.1689999999999999,0.5869,0.172,0.172,2.8938,0.4816,High (>2x),1.056,0.057043650793651,9.6714,82.6973,4.1542,7.077999999999999,1.58,0.01566192504317,0.0351,0.1145,0.1753,-0.0983,-0.1114
MCD,2014,Consumer Cyclical,1,Positive Return,31.0444044406132,Strong Outperformer (>20%),27441300000.0,-0.0236,Declining,10455700000.0,7949200000.0,4757800000.0,4.85,4.82,0.381,0.2897,0.35,0.1734,Medium (10-20%),0.1543,6730300000.0,4233700000.0,-2496600000.0,34227400000.0,21374000000.0,12853400000.0,2077900000.0,14935700000.0,12857800000.0,91189179475.1,104046979475.1,19.3196,3.3231,8.9495,10.8462,0.183,0.3702,0.1689999999999999,0.1689999999999999,1.162,0.4364,Elevated (1-2x),1.523,1.1981149241239,13.7897,27.987,4.8524,13.109000000000002,3.28,0.039743913336485,-0.0409999999999999,-0.1482,-0.1324,-0.0548,-0.0145
MCD,2015,Consumer Cyclical,1,Positive Return,6.711933541468931,Outperformer (5-20%),25413000000.0,-0.0739,Declining,9789200000.0,7145500000.0,4529300000.0,4.82,4.8,0.3852,0.2831,0.344,0.1782,Medium (10-20%),0.1943,6539100000.0,4938300000.0,-1600800000.0,37938700000.0,30850800000.0,7087900000.0,7685500000.0,24122100000.0,16436600000.0,108479671289.22,124916271289.22,24.5104,4.2687,23.6171,14.2766,0.1519,0.639,0.1636,0.1636,3.4033,0.6358,High (>2x),3.268,3.0450786334056,11.2706,27.0524,4.8215,7.545,3.44,0.031945295663282,-0.0637,-0.048,-0.0062,-0.0284,0.1664
MCD,2016,Consumer Cyclical,1,Positive Return,47.59671110519989,Strong Outperformer (>20%),24621900000.0,-0.0311,Declining,10204700000.0,7744500000.0,4686500000.0,5.49,5.44,0.4145,0.3148,0.376,0.1903,Medium (10-20%),0.1755,6059600000.0,4321400000.0,-1738200000.0,31023900000.0,33228200000.0,-2204300000.0,1223400000.0,25955700000.0,24732300000.0,99337666661.74,124069966661.74,21.7887,4.0345,0.0,13.3879,0.207,-2.1261,0.1833,0.1833,-11.775,0.8366,Conservative (<0.5x),1.398,0.7777585560649302,8.7599,28.8178,5.4851,-2.58,3.61,0.031856944799966,0.0424,0.0347,0.139,-0.0733,-0.1249
MCD,2017,Consumer Cyclical,1,Positive Return,5.107382487634403,Outperformer (5-20%),22820400000.0,-0.0732,Declining,10620800000.0,9552700000.0,5192300000.0,6.43,6.37,0.4654,0.4161,0.476,0.2275,High (≥20%),0.1693,5551200000.0,3864300000.0,-1686900000.0,33803700000.0,37071700000.0,-3268000000.0,2463800000.0,29536400000.0,27072600000.0,138088487553.36,165161087553.36,26.9393,6.0511,0.0,15.2107,0.2087,-1.5888,0.2099,0.2099,-9.0381,0.8738,Conservative (<0.5x),1.843,1.5360132844391998,10.3059,28.2641,6.4309,-4.048,3.83,0.0229251884498209,0.0408,0.1079,0.1712,-0.0839,-0.1058
MCD,2018,Consumer Cyclical,1,Positive Return,14.948956473538717,Outperformer (5-20%),21025200000.0,-0.0787,Declining,10786000000.0,8822600000.0,5924300000.0,7.61,7.54,0.513,0.4184,0.489,0.2818,High (≥20%),0.2086,6966700000.0,4385400000.0,-2581300000.0,32811200000.0,39069600000.0,-6258400000.0,866000000.0,31075300000.0,30209300000.0,136890533092.5,167099833092.5,23.3338,6.5108,0.0,16.256,0.2476,-0.9466,0.1903,0.1903,-4.9654,0.9471,Conservative (<0.5x),1.3630000000000002,1.1123255422902,8.9659,27.0177,7.6128,-8.042,4.19,0.0238507593260299,0.0156,0.141,0.1835,0.255,0.1348
MMM,2014,Industrials,0,Negative/Flat Return,-5.762398154990269,Underperformer (-5% to -20%),31821000000.0,0.0308,Flat (0-5%),15374000000.0,7135000000.0,4956000000.0,7.63,7.49,0.4831,0.2239,0.268,0.1557,Medium (10-20%),0.1656,6626000000.0,5268000000.0,-1358000000.0,31209000000.0,18067000000.0,13109000000.0,3336000000.0,6811000000.0,3475000000.0,105299352117.44,108774352117.44,21.536,3.3091,22.6757,12.746,0.3342,0.3781,0.2029,0.2029,0.5196,0.2182,Moderate (0.5-1x),2.063,1.2699530516431998,50.1831,49.0157,7.633999999999999,20.193,3.42,0.023356793799255,0.0412,0.0637,0.1171,0.1391,0.2308
MMM,2015,Industrials,1,Positive Return,24.8835932043024,Strong Outperformer (>20%),30274000000.0,-0.0486,Declining,14891000000.0,6946000000.0,4833000000.0,7.72,7.58,0.4919,0.2251,0.273,0.1596,Medium (10-20%),0.1649,6420000000.0,4992000000.0,-1428000000.0,32883000000.0,21415000000.0,11429000000.0,1916000000.0,10797000000.0,8881000000.0,92750996829.68,101631996829.68,19.513,3.0637,0.0,12.319,0.3903,0.4229,0.1679,0.1679,0.9447,0.3283,Moderate (0.5-1x),1.543,0.85276763135712,0.0,48.3919,7.7254,18.269,4.1,0.029771366544049,-0.0314,-0.0248,0.0118,-0.0311,-0.0524
MMM,2016,Industrials,1,Positive Return,35.297761714680966,Strong Outperformer (>20%),30109000000.0,-0.0055,Declining,14991000000.0,7027000000.0,5050000000.0,8.35,8.16,0.4979,0.2339999999999999,0.283,0.1677,Medium (10-20%),0.176,6662000000.0,5300000000.0,-1362000000.0,32906000000.0,22563000000.0,10298000000.0,2678000000.0,11650000000.0,8972000000.0,107091092698.05,116063092698.05,21.3234,3.5568,0.0,13.624,0.3601,0.4904,0.1761,0.1761,1.1313,0.354,Elevated (1-2x),1.886,1.1368387200515,0.0,49.7916,8.3512,17.03,4.44,0.026538282883959,0.0067,0.0449,0.0816,0.0377,0.0617
MMM,2017,Industrials,0,Negative/Flat Return,-16.994337774543723,Underperformer (-5% to -20%),31657000000.0,0.0514,Moderate (5-15%),15602000000.0,7692000000.0,4858000000.0,8.13,7.93,0.4928,0.2381,0.287,0.1535,Medium (10-20%),0.1553,6240000000.0,4916000000.0,-1324000000.0,37987000000.0,26365000000.0,11563000000.0,4129000000.0,13949000000.0,9820000000.0,140349094569.12,150169094569.12,28.984,4.4334,0.0,16.5366,0.3143,0.4201,0.1719,0.1719,1.2063,0.3672,Elevated (1-2x),1.857,1.1760114478991,0.0,52.9824,8.1305,19.352,4.7,0.020753871383705,0.0408,-0.038,-0.0263,-0.0633,-0.0725
MMM,2018,Industrials,0,Negative/Flat Return,-4.496326054553061,Neutral (-5% to 5%),32765000000.0,0.035,Flat (0-5%),16083000000.0,7207000000.0,5349000000.0,9.09,8.89,0.4909,0.2132,0.259,0.1633,Medium (10-20%),0.1564,6439000000.0,5124000000.0,-1315000000.0,36500000000.0,26652000000.0,9796000000.0,3233000000.0,14622000000.0,11389000000.0,110948990702.9,122337990702.9,20.9615,3.3862,0.0,14.4369,0.3518,0.546,0.1657,0.1657,1.4927,0.4006,Elevated (1-2x),1.892,1.1392876863611,0.0,55.6754,9.0892,16.646,5.44,0.028917366348406,0.0308,0.1011,0.1181,0.0319,0.0423
MO,2014,Consumer Defensive,1,Positive Return,23.865489302331603,Strong Outperformer (>20%),24522000000.0,0.0023,Flat (0-5%),10160000000.0,7620000000.0,5070000000.0,2.56,2.56,0.4143,0.35,0.358,0.2068,High (≥20%),0.1835,4663000000.0,4500000000.0,-163000000.0,34475000000.0,31430000000.0,3014000000.0,3321000000.0,14693000000.0,11372000000.0,97380679954.74,108752679954.74,19.2461,3.9712,0.0,12.3723,4.2677,1.6821,0.1948,0.1948,4.8749,0.4262,High (>2x),0.8959999999999999,0.44897693209957,10.6213,12.407,2.5652,1.525,2.0,0.0478100577352099,-0.0284,0.118,0.1327,0.0658,0.0603
MO,2015,Consumer Defensive,1,Positive Return,22.15778008444545,Strong Outperformer (>20%),25434000000.0,0.0372,Flat (0-5%),11114000000.0,8402000000.0,5241000000.0,2.67,2.67,0.437,0.3497,0.358,0.2061,High (≥20%),0.2207,5843000000.0,5614000000.0,-229000000.0,31459000000.0,28549000000.0,2880000000.0,2369000000.0,12847000000.0,10478000000.0,114131150260.61,124609150260.61,21.8015,4.4873,0.0,13.6663,-29.6102,1.8198,0.2388,0.2388,4.4608,0.4084,High (>2x),0.695,0.35261669024045,10.8849,12.972,2.6731,1.469,2.17,0.042034386294668,0.0939,0.0337,0.043,0.2531,0.2476
MO,2016,Consumer Defensive,1,Positive Return,9.429037022838768,Outperformer (5-20%),25744000000.0,0.0122,Flat (0-5%),11572000000.0,8761000000.0,14239000000.0,7.28,7.28,0.4495,0.8776,0.8859999999999999,0.5531,High (≥20%),0.1413,3826000000.0,3637000000.0,-189000000.0,45932000000.0,33121000000.0,12770000000.0,4569000000.0,13881000000.0,9312000000.0,131896809875.68,141208809875.68,9.2898,5.1234,0.0,6.1939,7.726,1.115,0.1613,0.1613,1.087,0.3022,Elevated (1-2x),0.984,0.64,30.2463,13.2002,7.301,6.547999999999999,2.35,0.0378782040409879,0.0412,1.7168,1.7266,-0.3452,-0.3522
MO,2017,Consumer Defensive,0,Negative/Flat Return,-26.452183250203014,Heavy Decline (<-20%),25576000000.0,-0.0065,Declining,11963000000.0,9593000000.0,10222000000.0,5.31,5.31,0.4677,0.4116,0.42,0.3997,High (≥20%),0.1838,4901000000.0,4702000000.0,-199000000.0,43202000000.0,27784000000.0,15377000000.0,1253000000.0,13894000000.0,12641000000.0,134985337821.72,147626337821.72,13.322,5.2778,0.0,13.7493,-19.1423,0.6648,0.1666,0.1666,0.9036,0.3216,Moderate (0.5-1x),0.64,0.20538869257951,14.9333,13.4033,5.3569,8.058,2.54,0.038047808571904,0.0338,-0.2821,-0.2706,0.281,0.2928
MO,2018,Consumer Defensive,1,Positive Return,8.045047648933885,Outperformer (5-20%),25364000000.0,-0.0083,Declining,12254000000.0,9115000000.0,6963000000.0,3.69,3.68,0.4831,0.3943,0.4029999999999999,0.2745,High (≥20%),0.3214,8391000000.0,8153000000.0,-238000000.0,55638000000.0,40810000000.0,14787000000.0,1333000000.0,25746000000.0,24413000000.0,92806056306.59,117219056306.59,13.3848,3.659,0.0,11.4595,-0.4656,0.4709,0.1214,0.1214,1.7411,0.4627,Elevated (1-2x),0.203,0.069598452319162,15.0406,13.4983,3.7056,7.869,3.0,0.0591790351511579,0.0243,-0.3188,-0.3051,0.7121,0.7339
MRK,2014,Healthcare,0,Negative/Flat Return,-4.560273509730981,Neutral (-5% to 5%),42237000000.0,-0.0408,Declining,25469000000.0,5670000000.0,11920000000.0,4.12,4.07,0.603,0.4089,0.5670000000000001,0.2822,High (≥20%),0.158,7989000000.0,6672000000.0,-1317000000.0,98167000000.0,49376000000.0,48647000000.0,15719000000.0,21403000000.0,5684000000.0,161901098739.09,167585098739.09,13.784,3.8332,10.6033,6.9944,0.4359,0.245,0.0532,0.0532,0.44,0.218,Conservative (<0.5x),1.7719999999999998,1.2146002065553998,0.0,14.8155,4.1812,17.064,1.77,0.0364300980979939,-0.0595,1.7066,1.7651,-0.3145,-0.3398
MRK,2015,Healthcare,1,Positive Return,15.799558101613703,Outperformer (5-20%),39498000000.0,-0.0648,Declining,24564000000.0,6928000000.0,4442000000.0,1.58,1.56,0.6219,0.1363,0.298,0.1125,Medium (10-20%),0.285,12538000000.0,11255000000.0,-1283000000.0,101677000000.0,56910000000.0,44676000000.0,13427000000.0,26412000000.0,12985000000.0,147554948496.34,160539948496.34,33.4304,3.7358,33.9129,13.6525,0.1927,0.0994,0.0605,0.0605,0.5912,0.2598,Moderate (0.5-1x),1.5490000000000002,1.0369772407687,0.0,14.139,1.5901,15.993,1.81,0.038285103904756,-0.0355,-0.6273,-0.6165,0.5694,0.6869
MRK,2016,Healthcare,0,Negative/Flat Return,-3.582880835799536,Neutral (-5% to 5%),39807000000.0,0.0078,Flat (0-5%),25777000000.0,4848000000.0,3920000000.0,1.42,1.41,0.6475,0.1165,0.254,0.0985,Low (0-10%),0.2201,10376000000.0,8762000000.0,-1614000000.0,95377000000.0,55069000000.0,40088000000.0,14341000000.0,24842000000.0,10501000000.0,165841821647.55,176342821647.55,42.3592,4.1661,35.8887,17.4441,0.1541,0.0978,0.0472,0.0472,0.6197,0.2605,Moderate (0.5-1x),1.779,1.241513601488,0.0,14.4378,1.4218,14.54,1.85,0.033042797599954,0.0494,-0.1175,-0.1013,-0.1724,-0.2215
MRK,2017,Healthcare,1,Positive Return,40.07834349934872,Strong Outperformer (>20%),40122000000.0,0.0079,Flat (0-5%),27210000000.0,6021000000.0,2394000000.0,0.88,0.87,0.6782,0.1619,0.278,0.0597,Low (0-10%),0.1137,6451000000.0,4563000000.0,-1888000000.0,87872000000.0,53303000000.0,34336000000.0,8498000000.0,24410000000.0,15912000000.0,153167838863.7,169079838863.7,63.8864,3.8176,81.9518,15.1329,0.1288,0.0697,0.0592,0.0592,0.7109,0.2778,Moderate (0.5-1x),1.331,0.8257762974105501,0.0,14.7267,0.8787,12.603,1.89,0.035004147979164,0.0556,-0.3893,-0.3803,-0.3783,-0.4792
MRK,2018,Healthcare,1,Positive Return,23.59785206575685,Strong Outperformer (>20%),42294000000.0,0.0541,Moderate (5-15%),28785000000.0,8299000000.0,6220000000.0,2.34,2.32,0.6806,0.2064,0.313,0.1471,Medium (10-20%),0.1964,10922000000.0,8307000000.0,-2615000000.0,82637000000.0,55755000000.0,26701000000.0,8864000000.0,25114000000.0,16250000000.0,198694768365.0,214944768365.0,32.6538,4.6979,0.0,16.2259,0.3667,0.233,0.0915,0.0915,0.9406,0.3039,Moderate (0.5-1x),1.165,0.71759884715843,0.0,16.2646,2.392,10.268,1.99,0.02620650576481,0.0579,1.5982,1.6591,0.6931,0.8205
MS,2014,Financial Services,0,Negative/Flat Return,-16.54620515168267,Underperformer (-5% to -20%),34275000000.0,0.0548,Moderate (5-15%),34275000000.0,3591000000.0,3467000000.0,1.64,1.6,1.0,0.0985,0.132,0.1012,Medium (10-20%),0.0027,1086000000.0,94000000.0,-992000000.0,801510000000.0,729406000000.0,70900000000.0,,167118000000.0,,75947244470.4,-50767171850.92,23.6585,2.2158,1.2185,0.0,,0.0489,,,2.3571,0.2085,High (>2x),,,0.0,17.8144,1.802,36.85,0.35,0.013306404624543,0.0548,0.1872,0.1799,-0.969,-0.9972
MS,2015,Financial Services,1,Positive Return,37.49964222674876,Strong Outperformer (>20%),35155000000.0,0.0257,Flat (0-5%),35155000000.0,8495000000.0,6127000000.0,2.97,2.9,1.0,0.2369,0.278,0.1743,Medium (10-20%),-0.166,-4463000000.0,-5836000000.0,-1373000000.0,787465000000.0,711281000000.0,75182000000.0,92182000000.0,165405000000.0,,61591284135.79,-50767171850.92,10.7104,1.7519999999999998,0.9153,0.0,,0.0815,,,2.2001,0.21,High (>2x),1.8197332032317,0.36482111464943,0.0,18.4154,3.2095,39.383,0.55,0.025924813650123,0.0257,0.7992,0.8109999999999999,-5.1096,-63.0851
MS,2016,Financial Services,1,Positive Return,24.25417523898281,Strong Outperformer (>20%),34631000000.0,-0.0149,Declining,34631000000.0,8848000000.0,5979000000.0,2.98,2.92,1.0,0.2514,0.301,0.1726,Medium (10-20%),0.1186,5383000000.0,4107000000.0,-1276000000.0,814949000000.0,737772000000.0,76050000000.0,115277000000.0,176834000000.0,,80624956491.45,-50767171850.92,14.4463,2.3281,1.1654,0.0,,0.0786,,,2.3252,0.217,High (>2x),1.6796576163736,0.38402288889153,0.0,18.7296,3.2336,41.13,0.7,0.023164678324424,-0.0149,-0.0287,0.0034,2.2061,1.7037
MS,2017,Financial Services,0,Negative/Flat Return,-22.345041063393587,Heavy Decline (<-20%),37945000000.0,0.0957,Moderate (5-15%),37945000000.0,10403000000.0,6111000000.0,3.14,3.07,1.0,0.2709,0.317,0.161,Medium (10-20%),-0.1617,-4505000000.0,-6134000000.0,-1629000000.0,851733000000.0,773267000000.0,77391000000.0,104307000000.0,203853000000.0,,94354257212.59,-50767171850.92,16.621,2.4866,1.3386,0.0,,0.079,,,2.6341,0.2393,High (>2x),1.7571874015304,0.37740383484849,0.0,21.3174,3.4331,43.478,0.9,0.023249756646972,0.0957,0.0145,0.0537,-1.8369,-2.4935
MS,2018,Financial Services,1,Positive Return,30.210967053055956,Strong Outperformer (>20%),40107000000.0,0.057,Moderate (5-15%),40107000000.0,11237000000.0,8748000000.0,4.81,4.73,1.0,0.2767,0.3229999999999999,0.2181,High (≥20%),0.1356,7305000000.0,5440000000.0,-1865000000.0,853531000000.0,772125000000.0,80246000000.0,111077000000.0,199128000000.0,-94521000000.0,68204136670.15,-34698863329.85,8.2432,1.7006,0.9302,0.0,,0.109,,,2.4815,0.2333,High (>2x),1.7581892635088998,0.39202335326342,0.0,23.4819,5.1218,46.982,1.1,0.035541687795888,0.057,0.4714,0.5318,2.6215,1.8869
MSFT,2014,Technology,1,Positive Return,21.87848689696873,Strong Outperformer (>20%),86833000000.0,0.1154,Moderate (5-15%),59755000000.0,27759000000.0,22074000000.0,2.66,2.63,0.6882,0.3204,0.38,0.2542,High (≥20%),0.3111,32502000000.0,27017000000.0,-5485000000.0,172384000000.0,82600000000.0,89784000000.0,85709000000.0,22645000000.0,-63064000000.0,344459179023.9,281395179023.9,15.6767,3.9669,5.4856,8.5189,0.2704,0.2459,0.4029999999999999,0.4029999999999999,0.2522,0.1314,Conservative (<0.5x),2.504,2.3069150684932,0.0,10.4631,2.6598,10.819,1.07,0.028744742474021,0.0399,0.0097,0.0192,0.1273,0.0993
MSFT,2015,Technology,1,Positive Return,16.505710855936574,Outperformer (5-20%),93580000000.0,0.0777,Moderate (5-15%),60542000000.0,18161000000.0,12193000000.0,1.49,1.48,0.647,0.1978,0.261,0.1303,Medium (10-20%),0.2535,29668000000.0,23724000000.0,-5944000000.0,174472000000.0,94389000000.0,80083000000.0,96526000000.0,35292000000.0,-61234000000.0,357154748479.55,295920748479.55,29.6309,3.8166,6.1051,12.0962,0.1387,0.1523,0.3172,0.3172,0.4407,0.2023,Conservative (<0.5x),2.4730000000000003,2.3049529679537994,0.0,11.4443,1.4911,9.794,1.21,0.029877861153962,0.0132,-0.4476,-0.4398,-0.0872,-0.1219
MSFT,2016,Technology,1,Positive Return,39.74112342572057,Strong Outperformer (>20%),91154000000.0,-0.0259,Declining,58374000000.0,26078000000.0,20539000000.0,2.59,2.56,0.6404,0.2813,0.354,0.2253,High (≥20%),0.2741,33325000000.0,24982000000.0,-8343000000.0,193468000000.0,121471000000.0,71997000000.0,113240000000.0,53461000000.0,-59779000000.0,402220089021.52,342441089021.52,19.7568,4.4125,7.9651,10.6147,0.2082,0.2853,0.4826,0.4826,0.7425,0.2763,Moderate (0.5-1x),2.353,2.2156948632849,0.0,11.5021,2.5917,9.085,1.39,0.028822875254257,-0.0358,0.6845,0.7383,0.1233,0.053
MSFT,2017,Technology,1,Positive Return,20.219086595470547,Strong Outperformer (>20%),96571000000.0,0.0594,Moderate (5-15%),62310000000.0,29025000000.0,25489000000.0,3.29,3.25,0.6452,0.3096,0.401,0.2639,High (≥20%),0.3249,39507000000.0,31378000000.0,-8129000000.0,250312000000.0,162601000000.0,87711000000.0,132981000000.0,91566000000.0,-41415000000.0,532175080407.8301,490760080407.8301,20.9514,5.5107,12.5195,12.688,0.1857,0.2906,0.253,0.253,1.044,0.3658,Elevated (1-2x),2.919,2.7879092295273,0.0,12.4672,3.2906,11.323,1.53,0.0229848676468309,0.0674,0.241,0.2703,0.1855,0.256
MSFT,2018,Technology,1,Positive Return,58.25926290883441,Strong Outperformer (>20%),110360000000.0,0.1428,Moderate (5-15%),72007000000.0,35058000000.0,16571000000.0,2.15,2.13,0.6525,0.3305,0.423,0.1502,Medium (10-20%),0.2922,43884000000.0,32252000000.0,-11632000000.0,258848000000.0,176130000000.0,82718000000.0,133768000000.0,81808000000.0,-51960000000.0,768396582275.03,716436582275.03,46.5163,6.9626,19.7085,15.3298,0.1125,0.2003,0.3104,0.3104,0.989,0.316,Moderate (0.5-1x),2.901,2.7398611681029,0.0,14.3325,2.1521,10.743,1.65,0.016758347102543,0.1556,-0.3499,-0.3465,0.1108,0.0279
NEE,2014,Utilities,1,Positive Return,1.1565727491111992,Neutral (-5% to 5%),17021000000.0,0.1245,Moderate (5-15%),8270000000.0,4384000000.0,2465000000.0,5.67,5.6,0.4859,0.288,0.4379999999999999,0.1448,Medium (10-20%),0.1217,5500000000.0,2071000000.0,-3429000000.0,74605000000.0,54437000000.0,19916000000.0,577000000.0,28701000000.0,28124000000.0,46393704304.74,74517704304.74,18.746,2.7257,2.3248,9.9984,0.0465,0.1238,0.0398,0.0398,1.4411,0.3847,Elevated (1-2x),0.7190000000000001,0.28314188140329,3.8874,39.1828,5.6745,45.847,2.9,0.031010288624546,0.4499,0.2919,0.26,0.078,-0.0259
NEE,2015,Utilities,1,Positive Return,19.710644127609623,Outperformer (5-20%),17486000000.0,0.0273,Flat (0-5%),8890000000.0,4632000000.0,2752000000.0,6.11,6.06,0.5084,0.2969,0.4589999999999999,0.1574,Medium (10-20%),0.1268,6089000000.0,2217000000.0,-3872000000.0,82479000000.0,59367000000.0,22574000000.0,571000000.0,29687000000.0,29116000000.0,47845075274.34,76961075274.34,17.0033,2.7362,2.1175,9.5938,0.0474,0.1219,0.039,0.039,1.3151,0.3599,Elevated (1-2x),0.672,0.2805976056198699,4.2865,38.8147,6.1088,50.109,3.08,0.032597745360349,0.075,0.1164,0.0776,0.1071,0.0705
NEE,2016,Utilities,1,Positive Return,35.231787610083245,Strong Outperformer (>20%),16138000000.0,-0.0771,Declining,8617000000.0,4459000000.0,2906000000.0,6.27,6.24,0.534,0.3336,0.527,0.1801,Medium (10-20%),0.1319,6369000000.0,2129000000.0,-4240000000.0,89993000000.0,64662000000.0,24341000000.0,1292000000.0,30840000000.0,29548000000.0,55474054229.44,85022054229.44,18.9346,3.4375,2.2792,9.9991,0.0458,0.1194,0.0349,0.0349,1.267,0.3427,Elevated (1-2x),0.679,0.34169795768843,4.9026,34.8478,6.2751,52.56100000000001,3.48,0.031358886005004,-0.0307,0.0559999999999999,0.0262,0.046,-0.0397
NEE,2017,Utilities,1,Positive Return,15.114411427822704,Outperformer (5-20%),17173000000.0,0.0641,Moderate (5-15%),9644000000.0,5173000000.0,5380000000.0,11.48,11.39,0.5616,0.3656,0.503,0.3133,High (≥20%),0.059,6458000000.0,1013000000.0,-5445000000.0,97963000000.0,68432000000.0,28236000000.0,1714000000.0,35025000000.0,33311000000.0,72953960837.29,106264960837.29,13.5096,4.2482,2.5832,12.3063,0.0789,0.1905,0.037,0.037,1.2404,0.3575,Elevated (1-2x),0.639,0.3958907764831501,4.0295,36.6318,11.4761,60.23,3.932,0.026404004261442,0.1192,0.8513,0.8309,0.0139999999999999,-0.5242
NEE,2018,Utilities,1,Positive Return,46.03815035742093,Strong Outperformer (>20%),16727000000.0,-0.026,Declining,9665000000.0,4280000000.0,6638000000.0,14.03,13.88,0.5778,0.5806,0.8140000000000001,0.3968,High (≥20%),0.0349,6593000000.0,583000000.0,-6010000000.0,103702000000.0,66289000000.0,34144000000.0,638000000.0,37712000000.0,37074000000.0,83076444571.74,120150444571.74,12.3892,4.9666,2.497,8.8197,0.1122,0.1944,0.0287,0.0287,1.1045,0.3637,Elevated (1-2x),0.364,0.20537493594488,6.4833,35.3487,14.0279,72.156,4.44,0.025876922673337,0.0022,0.2338,0.2221,0.0209,-0.4245
NEM,2014,Basic Materials,0,Negative/Flat Return,-6.517043309250172,Underperformer (-5% to -20%),6819000000.0,-0.1896,Declining,2900000000.0,993000000.0,508000000.0,1.02,1.02,0.4253,0.1528,0.312,0.0745,Low (0-10%),0.0584,1438000000.0,398000000.0,-1040000000.0,24916000000.0,11827000000.0,10274000000.0,2476000000.0,6646000000.0,4170000000.0,9427237614.9,13597237614.9,18.5294,1.3825,0.9176,6.3837,0.0301,0.0494,0.0353,0.0353,0.6469,0.2667,Moderate (0.5-1x),2.475,1.3430391264786,3.1576,13.6709,1.0185,20.598000000000003,0.225,0.012900796666084,-0.069,1.2005,1.2004,-0.068,2.1148
NEM,2015,Basic Materials,1,Positive Return,85.45790751447655,Strong Outperformer (>20%),6085000000.0,-0.1076,Declining,2507000000.0,457000000.0,220000000.0,0.43,0.43,0.412,0.1492,0.33,0.0362,Low (0-10%),0.1371,2145000000.0,834000000.0,-1311000000.0,25130000000.0,10838000000.0,11350000000.0,2382000000.0,5863000000.0,3481000000.0,9518823896.96,12999823896.96,41.8372,1.5643,0.8387,6.4676,0.0131,0.0194,0.0155,0.0155,0.5166,0.2333,Moderate (0.5-1x),3.519,1.8340395480226,3.0572,11.5003,0.4158,21.451,0.1,0.0057990704565503,-0.1355,-0.5669,-0.5784,0.4917,1.0955
NEM,2016,Basic Materials,1,Positive Return,9.11163228918093,Outperformer (5-20%),6680000000.0,0.0978,Moderate (5-15%),2942000000.0,-16000000.0,-629000000.0,-1.19,-1.18,0.4404,0.0334,0.215,-0.0942,Negative,0.2475,2786000000.0,1653000000.0,-1133000000.0,21031000000.0,9157000000.0,10721000000.0,2812000000.0,4615000000.0,1803000000.0,18379875062.62,20182875062.62,0.0,2.7515,1.7144,14.0549,-0.0408,-0.0587,-0.0006,-0.0006,0.4305,0.2194,Conservative (<0.5x),2.673,1.8028571428571,0.8168,12.586,-1.1851,20.2,0.125,0.0038551245909195,0.1735,-3.8591,-3.7674,0.2988,0.982
NEM,2017,Basic Materials,0,Negative/Flat Return,-7.337083389210418,Underperformer (-5% to -20%),7379000000.0,0.1046,Moderate (5-15%),3317000000.0,1259000000.0,-114000000.0,-0.21,-0.21,0.4495,0.1699,0.341,-0.0154,Negative,0.1705,2124000000.0,1258000000.0,-866000000.0,20646000000.0,9127000000.0,10535000000.0,3321000000.0,4065000000.0,744000000.0,20352119695.2,21096119695.2,0.0,2.7581,1.9319,8.3881,-0.0071,-0.0108,0.0526,0.0526,0.3859,0.1969,Conservative (<0.5x),3.624,2.5450643776824,5.2033,13.8355,-0.2137,19.753,0.25,0.0069141708269707,0.1275,0.8188,0.8235,-0.2376,-0.239
NEM,2018,Basic Materials,1,Positive Return,31.16002592303604,Strong Outperformer (>20%),7253000000.0,-0.0171,Declining,3160000000.0,790000000.0,341000000.0,0.64,0.64,0.4357,0.1288,0.296,0.047,Low (0-10%),0.1096,1827000000.0,795000000.0,-1032000000.0,20715000000.0,9203000000.0,10502000000.0,3445000000.0,4261000000.0,816000000.0,18456676900.2,19272676900.2,54.1406,2.5447,1.7672,8.9682,0.0217,0.0325,0.0326,0.0326,0.4057,0.2057,Conservative (<0.5x),2.9530000000000003,2.0699496362619,4.5121,13.6166,0.6402,19.716,0.56,0.016851904780867,-0.0473,3.9912,4.0476,-0.1398,-0.368
NFLX,2014,Communication Services,1,Positive Return,129.4549135014613,Strong Outperformer (>20%),5504656000.0,0.2583,High Growth (>15%),1751896000.0,402648000.0,266799000.0,0.63,0.62,0.3183,0.0726,0.578,0.0485,Low (0-10%),-0.0233,16483000.0,-128033000.0,-144516000.0,7042500000.0,5184792000.0,1857708000.0,1608496000.0,885849000.0,-722647000.0,20580753480.9142,19858106480.9142,77.4625,3.7388,0.0,6.242000000000001,0.1887,0.1436,0.0908,0.0908,0.4769,0.1258,Conservative (<0.5x),1.475,0.6039815947556899,7.9569,13.0894,0.6344,4.417,0.0,-0.0,0.3933,1.3736,1.25,-0.8315,-4.7571
NFLX,2015,Communication Services,1,Positive Return,12.586398765475698,Outperformer (5-20%),6779511000.0,0.2316,High Growth (>15%),2188035000.0,305826000.0,122641000.0,0.29,0.28,0.3227,0.0405,0.564,0.0181,Low (0-10%),-0.1355,-749439000.0,-918645000.0,-169206000.0,10202871000.0,7979445000.0,2223426000.0,2310715000.0,2371362000.0,60647000.0,48884672381.44,48945319381.44,394.4138,7.2106,0.0,12.8074,0.0591,0.0552,0.0438,0.0438,1.0665,0.2324,Elevated (1-2x),1.539,0.65466321625193,2.0691,15.9185,0.288,5.221,0.0,-0.0,0.249,-0.5403,-0.5397,-46.4674,-6.1751
NFLX,2016,Communication Services,1,Positive Return,50.568679841839504,Strong Outperformer (>20%),8830669000.0,0.3026,High Growth (>15%),2573207000.0,379793000.0,186678000.0,0.44,0.43,0.2914,0.0465,0.604,0.0211,Low (0-10%),-0.1878,-1473984000.0,-1658814000.0,-184830000.0,13586610000.0,10906810000.0,2679800000.0,1733782000.0,3364311000.0,1630529000.0,54711698982.27,56342227982.27,289.75,6.1956,0.0,10.5597,0.1349,0.0697,0.0327,0.0327,1.2554,0.2476,Elevated (1-2x),1.247,0.37800559318039,2.7354,20.5929,0.4353,6.249,0.0,-0.0,0.176,0.5222,0.5172,-0.9668,-0.8057
NFLX,2017,Communication Services,1,Positive Return,33.11781663712602,Strong Outperformer (>20%),11692713000.0,0.3241,High Growth (>15%),3659713000.0,838679000.0,558929000.0,1.29,1.25,0.313,0.0619,0.603,0.0478,Low (0-10%),-0.1722,-1785948000.0,-2012970000.0,-227022000.0,19012742000.0,15430786000.0,3581956000.0,2822795000.0,6499432000.0,3676637000.0,87009248309.1,90685885309.1,155.8682,7.4413,0.0,12.8561,0.2215,0.156,0.0489,0.0489,1.8145,0.3418,Elevated (1-2x),1.403,0.5163984419477,3.0374,27.0737,1.2942,8.294,0.0,-0.0,0.4222,1.9941,1.9318,-0.2116,-0.2135
NFLX,2018,Communication Services,1,Positive Return,20.88844164131801,Strong Outperformer (>20%),15794341000.0,0.3508,High Growth (>15%),5826803000.0,1605226000.0,1211242000.0,2.78,2.68,0.3689,0.1043,0.589,0.0767,Low (0-10%),-0.1832,-2680479000.0,-2893011000.0,-212532000.0,25974400000.0,20735635000.0,5238765000.0,3794483000.0,10360058000.0,6565575000.0,116722509761.7,123288084761.7,96.2806,7.3901,0.0,13.2519,0.3341,0.2312,0.0639,0.0639,1.9776,0.3989,Elevated (1-2x),1.494,0.5849076352022099,3.9167,36.2776,2.7821,12.033,0.0,-0.0,0.5921,1.1671,1.155,-0.5009,-0.4372
NKE,2014,Consumer Cyclical,1,Positive Return,34.35316981814085,Strong Outperformer (>20%),27799000000.0,0.0982,Moderate (5-15%),12446000000.0,3680000000.0,2693000000.0,1.52,1.49,0.4477,0.1287,0.147,0.0969,Low (0-10%),0.0768,3013000000.0,2136000000.0,-877000000.0,18594000000.0,7770000000.0,10824000000.0,5142000000.0,1373000000.0,-3769000000.0,67370810500.56,63601810500.56,25.2368,2.4235,6.4711,15.5316,0.2341,0.2488,0.2675,0.2675,0.1268,0.0738,Conservative (<0.5x),2.724,1.7059876666004,108.3939,15.8284,1.5334,6.162999999999999,0.465,0.0129085008197289,0.128,0.0894,0.1014,-0.0063,-0.1275
NKE,2015,Consumer Cyclical,0,Negative/Flat Return,-16.160479099509367,Underperformer (-5% to -20%),30601000000.0,0.1008,Moderate (5-15%),14067000000.0,4175000000.0,3273000000.0,1.9,1.85,0.4597,0.1383,0.158,0.107,Medium (10-20%),0.1216,4680000000.0,3720000000.0,-960000000.0,21597000000.0,8890000000.0,12707000000.0,5924000000.0,1260000000.0,-4664000000.0,87487911196.8,82823911196.8,26.7789,2.859,7.1157,17.1159,0.2668,0.2576,0.2739999999999999,0.2739999999999999,0.0992,0.0583,Conservative (<0.5x),2.462,1.4658875552748,151.1786,17.7965,1.9035,7.39,0.54,0.010753770506626,0.1302,0.2154,0.25,0.5533,0.7416
NKE,2016,Consumer Cyclical,1,Positive Return,21.94097454588569,Strong Outperformer (>20%),32376000000.0,0.0579999999999999,Moderate (5-15%),14971000000.0,4502000000.0,3760000000.0,2.21,2.16,0.4624,0.1434,0.163,0.1161,Medium (10-20%),0.07,3399000000.0,2266000000.0,-1133000000.0,21379000000.0,9121000000.0,12258000000.0,5457000000.0,2038000000.0,-3419000000.0,93030336084.18,89611336084.18,24.9864,2.8734,7.8533,16.9366,0.2851,0.3067,0.2652,0.2652,0.1663,0.0953,Conservative (<0.5x),2.804,1.6233669279582,244.3158,19.2174,2.2318,7.276,0.46,0.0114243704319899,0.0643,0.1488,0.1632,-0.2737,-0.3909
NKE,2017,Consumer Cyclical,1,Positive Return,18.09346598520257,Outperformer (5-20%),34350000000.0,0.061,Moderate (5-15%),15312000000.0,4749000000.0,4240000000.0,2.56,2.51,0.4458,0.144,0.165,0.1234,Medium (10-20%),0.0802,3846000000.0,2754000000.0,-1092000000.0,23259000000.0,10852000000.0,12407000000.0,6179000000.0,3802000000.0,-2377000000.0,87474119590.48,85097119590.48,20.6992,2.5466,7.3297,15.0588,0.2909,0.3417,0.2486,0.2486,0.3064,0.1635,Conservative (<0.5x),2.934,1.8005115089514,83.8136,20.7202,2.5576,7.484,0.68,0.013246883809483,0.0228,0.1277,0.1584,0.1315,0.2154
NKE,2018,Consumer Cyclical,1,Positive Return,38.24324761856872,Strong Outperformer (>20%),36397000000.0,0.0596,Moderate (5-15%),15956000000.0,4445000000.0,1933000000.0,1.19,1.17,0.4384,0.1203,0.141,0.0531,Low (0-10%),0.108,4955000000.0,3930000000.0,-1025000000.0,22536000000.0,12724000000.0,9812000000.0,5245000000.0,3810000000.0,-1435000000.0,115724324345.6,114289324345.6,60.3361,3.1795,12.2986,22.296,0.1427,0.1969999999999999,0.2396,0.2396,0.3883,0.1691,Conservative (<0.5x),2.506,1.4475165562914,81.0926,22.4147,1.1904,6.042999999999999,0.76,0.0108069758732609,0.0421,-0.5441,-0.5352,0.2884,0.427
NVDA,2014,Technology,1,Positive Return,66.45145374864984,Strong Outperformer (>20%),4130000000.0,-0.0351,Declining,2268000000.0,496000000.0,440000000.0,0.75,0.74,0.5492,0.1259,0.184,0.1065,Medium (10-20%),0.1465,835000000.0,605000000.0,-230000000.0,7250894000.0,2794496000.0,4456398000.0,4671810000.0,1373875000.0,-3297935000.0,8789560576.98,5491625576.98,20.6133,2.1282,2.5007,7.2353,0.0836,0.0987,0.1898,0.1898,0.3083,0.1895,Conservative (<0.5x),5.949,5.3920555983315,52.0,7.0238,0.7483,7.579,0.31,,0.0187,-0.2178,-0.1758,0.0131,-0.0559999999999999
NVDA,2015,Technology,1,Positive Return,232.9196132996281,Strong Outperformer (>20%),4682000000.0,0.1337,Moderate (5-15%),2599000000.0,759000000.0,631000000.0,1.14,1.12,0.5551,0.1711,0.218,0.1348,Medium (10-20%),0.1719,906000000.0,805000000.0,-101000000.0,7201000000.0,2783000000.0,4418000000.0,4623000000.0,1398000000.0,-3225000000.0,11207730898.62,7982730898.62,18.0877,2.3938,3.1293,7.8185,0.1174,0.1428,0.282,0.282,0.3164,0.1941,Conservative (<0.5x),6.376,5.6886160714286,17.413,8.4819,1.1431,8.004,0.34,0.0169243240315789,0.1459,0.4341,0.52,0.085,0.3306
NVDA,2016,Technology,1,Positive Return,90.42630039507826,Strong Outperformer (>20%),5010000000.0,0.0701,Moderate (5-15%),2811000000.0,747000000.0,614000000.0,1.13,1.08,0.5611,0.1577,0.1969999999999999,0.1226,Medium (10-20%),0.2188,1175000000.0,1096000000.0,-79000000.0,7370000000.0,2814000000.0,4469000000.0,5037000000.0,1510000000.0,-3527000000.0,15763400000.0,12236400000.0,25.9292,3.1464,4.2936,12.3976,0.1473,0.1374,0.3569,0.3569,0.3379,0.2049,Conservative (<0.5x),2.575,2.3572947681838,16.8085,9.2265,1.1308,8.23,0.395,0.0136367021967419,0.0816,-0.0269,-0.0088,0.2969,0.3615
NVDA,2017,Technology,0,Negative/Flat Return,-32.84550178011025,Heavy Decline (<-20%),6910000000.0,0.3792,High Growth (>15%),4063000000.0,1934000000.0,1666000000.0,3.08,2.57,0.588,0.2841,0.311,0.2411,High (≥20%),0.2175,1672000000.0,1503000000.0,-169000000.0,9841000000.0,4048000000.0,5762000000.0,6798000000.0,2810000000.0,-3988000000.0,59300780000.0,55312780000.0,35.7208,8.5819,12.1371,25.7269,0.2292,0.2891,0.5984,0.5984,0.4877,0.2855,Conservative (<0.5x),4.774,4.263982102908299,33.8448,12.7726,3.0795,10.651,0.485,0.00442398442988,0.4454,1.7134,1.7257,0.423,0.3714
NVDA,2018,Technology,1,Positive Return,73.40989975467198,Strong Outperformer (>20%),9714000000.0,0.4058,High Growth (>15%),5822000000.0,3210000000.0,3047000000.0,5.09,4.82,0.5993,0.3353,0.356,0.3137,High (≥20%),0.2997,3502000000.0,2911000000.0,-591000000.0,11241000000.0,3770000000.0,7471000000.0,7108000000.0,2000000000.0,-5108000000.0,149591100000.0,144483100000.0,48.4971,15.3995,21.9592,41.8065,0.3349,0.4078,0.6699,0.6699,0.2677,0.1779,Conservative (<0.5x),8.027000000000001,7.2619254119688,53.3934,16.217,5.0868,12.472,0.57,0.0023176494026759,0.4329,0.8289,0.6526,1.0945,0.9368
ORCL,2014,Technology,0,Negative/Flat Return,-16.441864939911294,Underperformer (-5% to -20%),38275000000.0,0.0295,Flat (0-5%),31039000000.0,14759000000.0,10955000000.0,2.42,2.38,0.8109,0.3819,0.4579999999999999,0.2862,High (≥20%),0.3747,14921000000.0,14341000000.0,-580000000.0,90266000000.0,42819000000.0,46878000000.0,38819000000.0,24097000000.0,-14722000000.0,187139445420.0,172417445420.0,17.343,4.8893,16.9333,9.8378,0.2977,0.2337,0.2428,0.2428,0.514,0.267,Moderate (0.5-1x),3.345,3.1208562096046,15.9934,8.453,2.4194,10.353,0.48,0.0123105663836339,0.0415,0.0027,0.0568,0.049,0.0565
ORCL,2015,Technology,1,Positive Return,8.77017494302066,Outperformer (5-20%),38226000000.0,-0.0013,Declining,30694000000.0,13871000000.0,9938000000.0,2.26,2.21,0.8029999999999999,0.3656,0.44,0.26,High (≥20%),0.345,14580000000.0,13189000000.0,-1391000000.0,110903000000.0,61805000000.0,48663000000.0,54368000000.0,41958000000.0,-12410000000.0,191233995300.0,178823995300.0,19.3761,5.0027,23.3636,10.6203,0.1949,0.2042,0.2021,0.2021,0.8622,0.3783,Moderate (0.5-1x),4.112,3.9448901749309,12.2283,8.6798,2.2566,11.05,0.51,0.012457775708929,-0.0111,-0.0928,-0.0661,-0.0229,-0.0803
ORCL,2016,Technology,1,Positive Return,24.12660704885161,Strong Outperformer (>20%),37047000000.0,-0.0308,Declining,29568000000.0,12604000000.0,8901000000.0,2.11,2.07,0.7981,0.3484,0.416,0.2403,High (≥20%),0.3373,13685000000.0,12496000000.0,-1189000000.0,112180000000.0,64390000000.0,47289000000.0,56125000000.0,43855000000.0,-12270000000.0,166824573000.0,154554573000.0,19.0521,4.5031,21.4891,10.0243,0.1742,0.1882,0.1871,0.1871,0.9274,0.3909,Moderate (0.5-1x),3.737,3.57450023245,8.7996,8.7768,2.1087,11.203,0.6,0.015708568611341,-0.0367,-0.1043,-0.0664,-0.0614,-0.0525
ORCL,2017,Technology,0,Negative/Flat Return,-1.6170325217784582,Neutral (-5% to 5%),37792000000.0,0.0201,Flat (0-5%),30340000000.0,12913000000.0,9452000000.0,2.3,2.24,0.8028,0.3566,0.421,0.2501,High (≥20%),0.3203,14126000000.0,12105000000.0,-2021000000.0,134991000000.0,80745000000.0,53860000000.0,66078000000.0,57909000000.0,-8169000000.0,186765506760.0,178596506760.0,19.7348,4.9419,59.777,11.212,0.1698,0.1755,0.1491,0.1491,1.0752,0.429,Elevated (1-2x),3.082,2.9521879394491,7.4961,9.184,2.297,13.089,0.64,0.014545210130037,0.0261,0.0619,0.09,0.0322,-0.0313
ORCL,2018,Technology,1,Positive Return,19.158552111272424,Outperformer (5-20%),39383000000.0,0.0421,Flat (0-5%),31323000000.0,13264000000.0,3587000000.0,0.87,0.85,0.7953,0.3669,0.4379999999999999,0.0911,Low (0-10%),0.3466,15386000000.0,13650000000.0,-1736000000.0,137851000000.0,90978000000.0,46372000000.0,67261000000.0,60619000000.0,-6642000000.0,190725663360.0,184083663360.0,53.7011,4.8428,0.0,10.6814,0.057,0.0774,0.1495,0.1495,1.3072,0.4397,Elevated (1-2x),3.982,3.7856619953985,7.1353,9.5567,0.8704,11.253,0.76,0.016577774405298,0.0324,-0.6205,-0.6217,0.0892,0.1276
OXY,2014,Energy,0,Negative/Flat Return,-12.697809015169652,Underperformer (-5% to -20%),21947000000.0,0.0231,Flat (0-5%),10333000000.0,1301000000.0,616000000.0,0.79,0.79,0.4708,0.1084,0.303,0.0281,Low (0-10%),0.1221,11068000000.0,2680000000.0,-8388000000.0,56259000000.0,21300000000.0,34959000000.0,7808000000.0,6838000000.0,-970000000.0,62401024606.097,61431024606.097,101.8646,2.8433,1.785,9.2531,0.0136,0.0176,0.0202,0.0202,0.1956,0.1215,Conservative (<0.5x),1.683,1.5896409509946998,30.8831,28.3031,0.7944,45.083,5.9910000000000005,0.0431989629224449,0.0142,-0.8956,-0.8922,-0.1338,-0.5189
OXY,2015,Energy,1,Positive Return,10.29509852560902,Outperformer (5-20%),12699000000.0,-0.4214,Declining,2008000000.0,-9537000000.0,-7829000000.0,-10.23,-10.23,0.1581,-0.7097,-0.352,-0.6165,Negative,-0.1979,3351000000.0,-2513000000.0,-5864000000.0,43409000000.0,19059000000.0,24350000000.0,4394000000.0,8305000000.0,3911000000.0,51548428986.7321,55459428986.7321,0.0,4.0593,2.117,0.0,-0.2289,-0.3215,-0.1773,-0.1773,0.3411,0.1913,Conservative (<0.5x),1.374,1.2128032738965,-61.3061,16.6275,-10.2509,31.883000000000003,2.97,0.05144163442007,-0.8057,-13.7094,-13.9494,-0.6972,-1.9377
OXY,2016,Energy,1,Positive Return,6.9244558581076046,Outperformer (5-20%),10398000000.0,-0.1812,Declining,664000000.0,-1553000000.0,-574000000.0,-0.75,-0.75,0.0639,-0.0908,0.32,-0.0552,Negative,0.0532,3384000000.0,553000000.0,-2831000000.0,43109000000.0,21612000000.0,21497000000.0,2233000000.0,9819000000.0,7586000000.0,55227902533.65,62813902533.65,0.0,5.3114,2.5691,18.8971,-0.0167,-0.0267,-0.0281,-0.0281,0.4568,0.2278,Conservative (<0.5x),1.325,1.1262181703866998,-3.2329,13.6066,-0.7511,28.13,3.02,0.047064760289372,-0.6693,0.9267,0.9267,0.0098,1.2201
OXY,2017,Energy,0,Negative/Flat Return,-13.4250203917609,Underperformer (-5% to -20%),13274000000.0,0.2766,High Growth (>15%),3367000000.0,1316000000.0,1311000000.0,1.71,1.7,0.2537,0.126,0.428,0.0988,Low (0-10%),0.1043,4861000000.0,1384000000.0,-3477000000.0,42026000000.0,21454000000.0,20572000000.0,1672000000.0,9828000000.0,8156000000.0,56612850771.06,64768850771.06,43.2632,4.2649,2.7519,11.413,0.0409,0.0637,0.0246,0.0246,0.4777,0.2339,Conservative (<0.5x),1.118,0.93027027027027,4.8493,17.3461,1.7132,26.883000000000003,3.06,0.044467186556598,4.0708,3.284,3.28,0.4365,1.5027
OXY,2018,Energy,0,Negative/Flat Return,-29.00030718687149,Heavy Decline (<-20%),18934000000.0,0.4264,High Growth (>15%),7950000000.0,5666000000.0,4131000000.0,5.4,5.39,0.4199,0.3167,0.527,0.2182,High (≥20%),0.1452,7669000000.0,2749000000.0,-4920000000.0,43854000000.0,22524000000.0,21330000000.0,3033000000.0,10317000000.0,7284000000.0,46343492074.44,53627492074.44,11.3667,2.4476,2.1735,5.3767,0.1217,0.1937,0.1056,0.1056,0.4837,0.2353,Conservative (<0.5x),1.34,1.1768753372909,15.4165,25.0773,5.4713,28.251,3.1,0.052679102182572,1.3612,2.151,2.1579,0.5777,0.9863
PEP,2014,Consumer Defensive,1,Positive Return,8.886701373838283,Outperformer (5-20%),66683000000.0,0.004,Flat (0-5%),35445000000.0,9581000000.0,6513000000.0,4.31,4.27,0.5315,0.1443,0.184,0.0977,Low (0-10%),0.1164,10506000000.0,7762000000.0,-2744000000.0,70509000000.0,52961000000.0,17578000000.0,8726000000.0,28897000000.0,20171000000.0,144766700314.6,164937700314.6,22.4432,2.171,0.0,13.4687,0.3287,0.3705,0.1227,0.1227,1.6439,0.4098,Elevated (1-2x),1.142,0.84993367234137,10.5842,44.1902,4.3161,11.649,2.533,0.029199312172861,0.0078,-0.0337,-0.0137,0.0844,0.1085
PEP,2015,Consumer Defensive,1,Positive Return,9.051033548138443,Outperformer (5-20%),63056000000.0,-0.0544,Declining,34325000000.0,8353000000.0,5452000000.0,3.71,3.67,0.5444,0.1326,0.171,0.0865,Low (0-10%),0.1299,10864000000.0,8192000000.0,-2672000000.0,69667000000.0,57637000000.0,12068000000.0,12009000000.0,33284000000.0,21275000000.0,146675736228.36,167950736228.36,27.1375,2.3261,0.0,15.5813,0.2504,0.4518,0.1181,0.1181,2.758,0.4778,High (>2x),1.31,1.0493799067016,8.6216,42.9244,3.7114,8.215,2.762,0.030329068600091,-0.0316,-0.1629,-0.1392,0.0341,0.0554
PEP,2016,Consumer Defensive,1,Positive Return,17.795558028898245,Outperformer (5-20%),62799000000.0,-0.0041,Declining,34577000000.0,9804000000.0,6329000000.0,4.39,4.36,0.5506,0.1568,0.1939999999999999,0.1008,Medium (10-20%),0.123,10663000000.0,7722000000.0,-2941000000.0,73490000000.0,62291000000.0,11246000000.0,16125000000.0,36945000000.0,20820000000.0,150087263508.0,170907263508.0,23.8383,2.39,0.0,13.9939,0.2889,0.5628,0.1419,0.1419,3.2852,0.5027,High (>2x),1.251,1.0796782588124,7.3361,43.6407,4.3982,7.815,2.96,0.030273319994604,0.0073,0.1609,0.1833,-0.0185,-0.0574
PEP,2017,Consumer Defensive,0,Negative/Flat Return,-3.313237087778952,Neutral (-5% to 5%),63525000000.0,0.0116,Flat (0-5%),34729000000.0,10276000000.0,4857000000.0,3.4,3.38,0.5467,0.1685,0.206,0.0765,Low (0-10%),0.114,10030000000.0,7241000000.0,-2789000000.0,79804000000.0,68823000000.0,11045000000.0,19510000000.0,39281000000.0,19771000000.0,167898244727.42,187669244727.42,34.7235,2.643,0.0,14.3577,0.1749,0.4397,0.1416,0.1416,3.5565,0.4922,High (>2x),1.513,1.2942151985172,9.298,44.5789,3.4084,7.751,3.167,0.027889294157793,0.0044,-0.2326,-0.2255,-0.0594,-0.0623
PEP,2018,Consumer Defensive,1,Positive Return,28.77463315970832,Strong Outperformer (>20%),64661000000.0,0.0179,Flat (0-5%),35280000000.0,10110000000.0,12515000000.0,8.84,8.78,0.5456,0.165,0.2019999999999999,0.1935,Medium (10-20%),0.0969,9415000000.0,6267000000.0,-3148000000.0,77648000000.0,63046000000.0,14518000000.0,10990000000.0,32321000000.0,21331000000.0,155950032640.0,177281032640.0,12.4977,2.4118,0.0,13.565,0.7216,0.862,0.1304,0.1304,2.2263,0.4163,High (>2x),0.989,0.81904417743247,6.9967,45.6968,8.8445,10.26,3.587,0.032024351602774,0.0159,1.5767,1.6,-0.0613,-0.1345
PFE,2014,Healthcare,1,Positive Return,6.4726771164408206,Outperformer (5-20%),49605000000.0,-0.0384,Declining,40028000000.0,12240000000.0,9135000000.0,1.44,1.42,0.8069,0.2471,0.359,0.1842,Medium (10-20%),0.3125,17084000000.0,15501000000.0,-1583000000.0,167566000000.0,95944000000.0,71301000000.0,36122000000.0,36682000000.0,560000000.0,196265472932.55,196825472932.55,21.6319,3.9566,0.0,11.0626,0.1996,0.1281,0.0667,0.0667,0.5145,0.2189,Moderate (0.5-1x),2.575,2.0624913142169,0.0,7.8167,1.4395,11.236,1.04,0.03928374205726,-0.0469,-0.5848,-0.5542,-0.0339,-0.0443
PFE,2015,Healthcare,1,Positive Return,5.503433926739668,Outperformer (5-20%),48851000000.0,-0.0152,Declining,39203000000.0,8964000000.0,6960000000.0,1.13,1.11,0.8025,0.1832,0.289,0.1425,Medium (10-20%),0.27,14688000000.0,13192000000.0,-1496000000.0,167381000000.0,102384000000.0,64720000000.0,23290000000.0,38899000000.0,15609000000.0,199264503010.56,214873503010.56,28.5664,4.079,0.0,15.2317,0.2471,0.1075,0.045,0.045,0.601,0.2324,Moderate (0.5-1x),1.49,1.070308513895,0.0,7.9098,1.1269,10.479,1.12,0.03958114199812,-0.0206,-0.2381,-0.2153,-0.1402,-0.149
PFE,2016,Healthcare,1,Positive Return,14.07545307010044,Outperformer (5-20%),52824000000.0,0.0813,Moderate (5-15%),40502000000.0,8351000000.0,7215000000.0,1.18,1.17,0.7667,0.1578,0.267,0.1366,Medium (10-20%),0.2687,16192000000.0,14193000000.0,-1999000000.0,171615000000.0,111776000000.0,59544000000.0,17850000000.0,42086000000.0,24236000000.0,200255719356.0,224491719356.0,27.9661,3.791,0.0,15.927,0.3411,0.1212,0.0392,0.0392,0.7068,0.2452,Moderate (0.5-1x),1.252,0.83802024746907,0.0,8.6753,1.1849,9.779,1.2,0.03989214761805,0.0331,0.0366,0.0442,0.1024,0.0759
PFE,2017,Healthcare,1,Positive Return,24.065347757350764,Strong Outperformer (>20%),52546000000.0,-0.0053,Declining,41318000000.0,12306000000.0,21308000000.0,3.57,3.52,0.7863,0.2333,0.353,0.4055,High (≥20%),0.2776,16802000000.0,14585000000.0,-2217000000.0,171797000000.0,100141000000.0,71308000000.0,19992000000.0,43491000000.0,23499000000.0,217208174631.48,240707174631.48,10.2073,4.1337,0.0,12.9915,0.8669,0.2988,0.0587,0.0587,0.6099,0.2532,Moderate (0.5-1x),1.352,0.92723567883787,0.0,8.8017,3.5692,11.944,1.28,0.037108700526566,0.0201,1.9533,2.0254,0.0377,0.0276
PFE,2018,Healthcare,0,Negative/Flat Return,-6.046939564816331,Underperformer (-5% to -20%),53647000000.0,0.021,Flat (0-5%),42399000000.0,11885000000.0,11153000000.0,1.9,1.87,0.7903,0.2211,0.34,0.2079,High (≥20%),0.2541,15827000000.0,13631000000.0,-2196000000.0,159422000000.0,95664000000.0,63407000000.0,18833000000.0,41740000000.0,22907000000.0,252317715329.7,275224715329.7,22.9737,4.7033,0.0,15.0866,0.3546,0.1759,0.0634,0.0634,0.6583,0.2618,Moderate (0.5-1x),1.567,0.8430535501287,0.0,9.1361,1.8994,10.798,1.36,0.031676320270776,0.0262,-0.4766,-0.4678,-0.0579999999999999,-0.0654
PG,2014,Consumer Defensive,0,Negative/Flat Return,-9.323275997445537,Underperformer (-5% to -20%),74401000000.0,-0.0713,Declining,35371000000.0,13910000000.0,11643000000.0,4.19,4.01,0.4754,0.2043,0.247,0.1565,Medium (10-20%),0.1359,13958000000.0,10110000000.0,-3848000000.0,144266000000.0,74290000000.0,69976000000.0,10686000000.0,35417000000.0,24731000000.0,212661418090.84,237392418090.84,18.7566,2.8583,0.0,12.9411,0.5765,0.1664,0.0753,0.0753,0.5061,0.2455,Moderate (0.5-1x),0.937,0.50619699934768,21.4429,27.4952,4.3027,25.86,2.448,0.038152818947218,-0.1185,0.0293,0.0371,-0.0615,-0.0695
PG,2015,Consumer Defensive,1,Positive Return,10.809451225737083,Outperformer (5-20%),70749000000.0,-0.0491,Declining,33693000000.0,11049000000.0,7036000000.0,2.5,2.44,0.4762,0.1468,0.191,0.0995,Low (0-10%),0.1537,14608000000.0,10872000000.0,-3736000000.0,129495000000.0,66445000000.0,63050000000.0,11603000000.0,30345000000.0,18742000000.0,212264774961.6,231006774961.6,31.296,3.0003,0.0,17.085,0.3606,0.1116,0.069,0.069,0.4813,0.2343,Conservative (<0.5x),0.995,0.5428331654917801,16.5927,26.0778,2.5934,23.24,2.595,0.039085975435736,-0.0474,-0.3957,-0.4033,0.0466,0.0754
PG,2016,Consumer Defensive,1,Positive Return,12.53246293417185,Outperformer (5-20%),65299000000.0,-0.077,Declining,32390000000.0,13441000000.0,10508000000.0,3.8,3.69,0.496,0.221,0.268,0.1609,Medium (10-20%),0.1856,15435000000.0,12121000000.0,-3314000000.0,127136000000.0,69153000000.0,57983000000.0,13348000000.0,30598000000.0,17250000000.0,225378997409.55,242628997409.55,22.2816,3.4515,0.0,13.859000000000002,0.4692,0.1812,0.0887,0.0887,0.5277,0.2407,Moderate (0.5-1x),1.098,0.57591810204745,24.9206,24.5314,3.9476,21.783,2.658,0.03631124473937,-0.0387,0.4935,0.52,0.0566,0.1149
PG,2017,Consumer Defensive,1,Positive Return,4.975150851116607,Neutral (-5% to 5%),65058000000.0,-0.0037,Declining,32420000000.0,13766000000.0,15326000000.0,5.8,5.59,0.4983,0.2898,0.3329999999999999,0.2356,High (≥20%),0.144,12753000000.0,9369000000.0,-3384000000.0,120406000000.0,64628000000.0,55778000000.0,15137000000.0,31592000000.0,16455000000.0,222896093914.2,239351093914.2,15.0259,3.4261,0.0,11.0432,0.9474,0.2748,0.0971,0.0971,0.5664,0.2624,Moderate (0.5-1x),0.877,0.6531281032770601,40.5462,25.437,5.9923,21.809,2.698,0.034637682426437,0.0009,0.4585,0.5263,-0.1738,-0.2269999999999999
PG,2018,Consumer Defensive,1,Positive Return,40.680272751880864,Strong Outperformer (>20%),66832000000.0,0.0273,Flat (0-5%),32400000000.0,13363000000.0,9750000000.0,3.75,3.67,0.4848,0.2053,0.248,0.1459,Medium (10-20%),0.1668,14867000000.0,11150000000.0,-3717000000.0,118310000000.0,65427000000.0,52883000000.0,11850000000.0,31286000000.0,19436000000.0,196465657059.88,215901657059.88,20.8347,2.9397,0.0,13.0415,0.6217,0.1844,0.0942,0.0942,0.5916,0.2644,Moderate (0.5-1x),0.826,0.58561461911676,27.1166,26.5776,3.8774,21.03,2.787,0.038446234449207,-0.0006,-0.3638,-0.3534,0.1658,0.1901
PLD,2014,Real Estate,1,Positive Return,2.63589479521753,Neutral (-5% to 5%),1760787000.0,0.0059,Flat (0-5%),1215068000.0,319808000.0,636183000.0,1.25,1.24,0.6901,0.5222,0.887,0.3613,High (≥20%),-0.5649,894473000.0,-994644000.0,-1889117000.0,25775001000.0,10591402000.0,13975509000.0,,9336977000.0,,21514526670.0,43303745240.0,34.424,12.2187,1.5432,14.4103,,0.0455,,,0.6681,0.3622,Moderate (0.5-1x),,,2.9766,3.5245,1.2734,27.974,1.32,0.036199871095629,0.0048,0.9727,0.9231,0.8443,0.1045
PLD,2015,Real Estate,1,Positive Return,30.458455533517142,Strong Outperformer (>20%),2197074000.0,0.2478,High Growth (>15%),1544470000.0,380172000.0,869439000.0,1.66,1.64,0.703,0.5434,0.944,0.3957,High (≥20%),-0.6152,1116327000.0,-1351675000.0,-2468002000.0,31394767000.0,12973931000.0,14667935000.0,264080000.0,11626831000.0,,22503428120.0,43303745240.0,25.8554,10.2425,1.5327,14.4103,,0.0593,,,0.7927,0.3703,Moderate (0.5-1x),1.4953743141891995,0.31463003449159,3.9616,4.2151,1.668,28.14,1.52,0.040095729152697,0.2711,0.3866,0.3279999999999999,0.248,-0.359
PLD,2016,Real Estate,1,Positive Return,25.91633969636053,Strong Outperformer (>20%),2533135000.0,0.153,High Growth (>15%),1835759000.0,668378000.0,1209932000.0,2.29,2.27,0.7247,0.6189,0.986,0.4776,High (≥20%),-0.3753,1417005000.0,-950681000.0,-2367686000.0,30249932000.0,11791792000.0,14991081000.0,807316000.0,10608294000.0,,27910819200.0,43303745240.0,23.0568,11.0183,1.8598,14.4103,,0.0807,,,0.7076,0.3507,Moderate (0.5-1x),2.3560585262229,1.2111441657553002,5.1712,4.8149,2.2998,28.495,1.68,0.034625680033457,0.1886,0.3946,0.3795,0.2693,0.2967
PLD,2017,Real Estate,0,Negative/Flat Return,-5.5160964557143295,Underperformer (-5% to -20%),2618134000.0,0.0336,Flat (0-5%),1893470000.0,771066000.0,1652325000.0,3.1,3.06,0.7232,0.7568,1.093,0.6311,High (≥20%),-0.2389,1687246000.0,-625473000.0,-2312719000.0,29481075000.0,10775334000.0,15631158000.0,447046000.0,9412631000.0,,34058568820.0,43303745240.0,20.6484,13.0087,2.1765,14.4103,,0.1057,,,0.6022,0.3193,Moderate (0.5-1x),1.3886268919946998,0.5400215019992,7.2187,4.9362,3.1152,29.471,1.76,0.0290100209407599,0.0314,0.3646,0.3537,0.1907,0.3421
PLD,2018,Real Estate,1,Positive Return,60.48451283445985,Strong Outperformer (>20%),2804449000.0,0.0712,Moderate (5-15%),2046761000.0,847002000.0,1649361000.0,2.9,2.87,0.7298,0.6924,1.03,0.5881,High (≥20%),-0.4909,1803559000.0,-1376657000.0,-3180216000.0,38417664000.0,12616776000.0,22298093000.0,343856000.0,11089815000.0,10473572000.0,36966001600.0,47711960600.0,20.2483,13.1812,1.6581,16.5148,,0.074,,,0.4973,0.2887,Conservative (<0.5x),1.4401857078226,0.3703987763103999,8.4744,4.9429,2.907,39.301,1.92,0.034197355854021,0.081,0.0009,-0.0645,0.0689,-1.2009999999999998
PM,2014,Consumer Defensive,1,Positive Return,13.980936777937483,Outperformer (5-20%),80106000000.0,0.001,Flat (0-5%),19331000000.0,11702000000.0,7493000000.0,4.76,4.76,0.2413,0.1453,0.156,0.0935,Low (0-10%),0.0822,7739000000.0,6586000000.0,-1153000000.0,35187000000.0,46390000000.0,-12629000000.0,1682000000.0,29455000000.0,27773000000.0,126550098153.0,154323098153.0,17.1113,1.5798,0.0,12.3153,1.163,-0.5933,0.3752,0.3752,-2.3323,0.8371,Conservative (<0.5x),1.025,0.37625727898359,11.0665,51.5577,4.8226,-8.128,3.88,0.057975611048694,-0.0709,-0.1263,-0.0951,-0.2364,-0.2629
PM,2015,Consumer Defensive,1,Positive Return,10.865590267752056,Outperformer (5-20%),73908000000.0,-0.0774,Declining,17429000000.0,10623000000.0,6873000000.0,4.42,4.42,0.2358,0.143,0.153,0.093,Low (0-10%),0.0934,7865000000.0,6905000000.0,-960000000.0,33956000000.0,45432000000.0,-13244000000.0,3417000000.0,28480000000.0,25063000000.0,136198584547.45,161261584547.45,19.8891,1.8428,0.0,14.2419,1.1196,-0.519,0.3996,0.3996,-2.1504,0.8387,Conservative (<0.5x),1.027,0.40263876251137,10.4851,47.7043,4.4362,-8.548,4.04,0.053106979269524,-0.0984,-0.0827,-0.0714,0.0163,0.0484
PM,2016,Consumer Defensive,1,Positive Return,20.190038576866343,Strong Outperformer (>20%),74953000000.0,0.0141,Flat (0-5%),17294000000.0,10903000000.0,6967000000.0,4.48,4.48,0.2307,0.1418,0.152,0.093,Low (0-10%),0.0921,8077000000.0,6905000000.0,-1172000000.0,36851000000.0,47751000000.0,-12688000000.0,4239000000.0,29067000000.0,24828000000.0,141529650464.7,166357650464.7,20.3638,1.8882,0.0,14.6326,0.967,-0.5491,0.3878,0.3878,-2.2909,0.7888,Conservative (<0.5x),1.069,0.4699095160017,11.9259,48.3147,4.4909,-8.179,4.12,0.049996877405879,-0.0077,0.0137,0.0136,0.027,0.0
PM,2017,Consumer Defensive,0,Negative/Flat Return,-32.4909656859524,Heavy Decline (<-20%),78098000000.0,0.042,Flat (0-5%),18316000000.0,11581000000.0,6035000000.0,3.88,3.88,0.2345,0.1441,0.155,0.0773,Low (0-10%),0.0943,8912000000.0,7364000000.0,-1548000000.0,42968000000.0,53198000000.0,-12086000000.0,8447000000.0,34339000000.0,25892000000.0,162138818056.93,188030818056.93,26.9046,2.0761,0.0,15.5,0.4677,-0.4993,0.3673,0.3673,-2.8412,0.7992,Conservative (<0.5x),1.3530000000000002,0.7633755168525199,12.3151,50.2819,3.8855,-7.781000000000001,4.22,0.0429862834543489,0.0591,-0.1338,-0.1339,0.1034,0.0665
PM,2018,Consumer Defensive,1,Positive Return,33.918031893216344,Strong Outperformer (>20%),79823000000.0,0.0221,Flat (0-5%),18867000000.0,11377000000.0,7911000000.0,5.08,5.08,0.2364,0.1381,0.15,0.0991,Low (0-10%),0.1007,9478000000.0,8042000000.0,-1436000000.0,39801000000.0,50540000000.0,-12459000000.0,6593000000.0,31759000000.0,25166000000.0,103780015630.76,128946015630.76,13.1417,1.3001,0.0,10.7366,0.8370000000000001,-0.635,0.3727,0.3727,-2.5491,0.7979,Conservative (<0.5x),1.131,0.59083241230877,16.5729,51.3488,5.089,-8.015,4.49,0.067182333553485,0.0301,0.3109,0.3093,0.0635,0.0921
PPG,2014,Basic Materials,0,Negative/Flat Return,-12.185052519619644,Underperformer (-5% to -20%),14791000000.0,0.0369,Flat (0-5%),6443000000.0,1585000000.0,2102000000.0,7.6,7.52,0.4356,0.1708,0.201,0.1421,Medium (10-20%),0.0652,1528000000.0,964000000.0,-564000000.0,17535000000.0,12270000000.0,5180000000.0,1183000000.0,4014000000.0,2831000000.0,31721882038.65,34552882038.65,15.2072,2.1447,0.0,11.6105,0.4511,0.4058,0.0834,0.0834,0.7749,0.2289,Moderate (0.5-1x),1.3219999999999998,0.8201025641025601,13.508,53.8893,7.6584,18.873,1.31,0.012183571779359,0.0827,-0.3494,-0.3256,-0.1468,-0.2567
PPG,2015,Basic Materials,0,Negative/Flat Return,-1.7428603302653698,Neutral (-5% to 5%),14241000000.0,-0.0372,Declining,6455000000.0,1721000000.0,1406000000.0,5.18,5.14,0.4533,0.1365,0.168,0.0987,Low (0-10%),0.1029,1895000000.0,1465000000.0,-430000000.0,17076000000.0,12007000000.0,4983000000.0,1455000000.0,4307000000.0,2852000000.0,26609182344.0,29461182344.0,19.0772,1.8685,0.0,12.3269,0.2906,0.2822,0.0967,0.0967,0.8643,0.2522,Moderate (0.5-1x),1.43,0.88690095846645,15.552,52.8876,5.2215,18.506,1.415,0.0152358469787679,0.0019,-0.3311,-0.3184,0.2402,0.5197
PPG,2016,Basic Materials,1,Positive Return,24.59170532031091,Strong Outperformer (>20%),14270000000.0,0.002,Flat (0-5%),6605000000.0,751000000.0,873000000.0,3.29,3.27,0.4629,0.0849,0.1159999999999999,0.0612,Low (0-10%),0.068,1351000000.0,971000000.0,-380000000.0,15771000000.0,10856000000.0,4828000000.0,1863000000.0,4416000000.0,2553000000.0,25145546991.0,27698546991.0,28.9514,1.7621,0.0,16.7667,0.1771,0.1808,0.046,0.046,0.9147,0.28,Moderate (0.5-1x),1.546,1.0620738302375,9.696,54.054,3.3069,18.288,1.56,0.017157377829946,0.0232,-0.3791,-0.3649,-0.2871,-0.3372
PPG,2017,Basic Materials,0,Negative/Flat Return,-11.887944174064137,Underperformer (-5% to -20%),14748000000.0,0.0335,Flat (0-5%),6539000000.0,1940000000.0,1594000000.0,6.22,6.18,0.4434,0.1569,0.188,0.1081,Medium (10-20%),0.0819,1568000000.0,1208000000.0,-360000000.0,16538000000.0,10866000000.0,5557000000.0,1491000000.0,4146000000.0,2655000000.0,30028159386.0,32683159386.0,18.9711,2.0361,0.0,11.782,0.2949,0.2868,0.1097,0.1097,0.7461,0.2507,Moderate (0.5-1x),1.663,1.1281129653402,22.0381,57.9544,6.2639,21.837,1.7,0.014826411776857,-0.01,0.8259,0.8906,0.1606,0.2441
PPG,2018,Basic Materials,1,Positive Return,33.51150839189265,Strong Outperformer (>20%),15374000000.0,0.0424,Flat (0-5%),6373000000.0,1674000000.0,1341000000.0,5.5,5.47,0.4145,0.1179,0.15,0.0872,Low (0-10%),0.0704,1467000000.0,1083000000.0,-384000000.0,16015000000.0,11283000000.0,4630000000.0,963000000.0,5016000000.0,4053000000.0,24523426068.67,28576426068.67,18.5873,1.5951,0.0,12.3761,0.3053,0.2896,0.0932,0.0932,1.0834,0.3132,Elevated (1-2x),1.3630000000000002,0.8707980791218799,15.3559,64.0891,5.5902,19.301,1.86,0.0186317325145239,-0.0254,-0.1587,-0.1158,-0.0644,-0.1035
PSA,2014,Real Estate,1,Positive Return,36.63898601271328,Strong Outperformer (>20%),2177296000.0,0.1081,Moderate (5-15%),1563972000.0,1055399000.0,1144204000.0,5.27,5.25,0.7183,0.5286,0.7290000000000001,0.5255,High (≥20%),0.6343,1603542000.0,1381011000.0,-222531000.0,9818676000.0,311505000.0,9480796000.0,,64364000.0,,31928339360.1,40517493548.22,35.0759,14.6642,3.4451,20.3496,,0.1207,,,0.0068,0.0066,Conservative (<0.5x),,,169.7368,12.6403,6.6427,55.041,5.6,0.044126924563818,0.113,0.0751,0.0711,0.1211,0.0868
PSA,2015,Real Estate,0,Negative/Flat Return,-5.608619261926194,Underperformer (-5% to -20%),2381696000.0,0.0939,Moderate (5-15%),1746194000.0,1232009000.0,1311244000.0,6.1,6.07,0.7332,0.5508,0.73,0.5506,High (≥20%),0.6106,1748279000.0,1454207000.0,-294072000.0,9778232000.0,580594000.0,9170641000.0,104285000.0,319016000.0,,42890637661.4,40517493548.22,40.6066,18.0084,4.7795,20.3496,,0.143,,,0.0348,0.0326,Conservative (<0.5x),0.39867649420058,0.39867649420058,2150.5803,13.791,7.5927,53.102,6.5,0.036317291593336,0.1165,0.1595,0.1575,0.0903,0.053
PSA,2016,Real Estate,0,Negative/Flat Return,-2.901590607008892,Neutral (-5% to 5%),2560549000.0,0.0751,Moderate (5-15%),1891466000.0,1374496000.0,1453576000.0,6.84,6.81,0.7387,0.5693,0.7390000000000001,0.5677,High (≥20%),0.6225,1945336000.0,1593985000.0,-351351000.0,10130338000.0,688684000.0,9411910000.0,183688000.0,390749000.0,,38767368479.84,40517493548.22,32.6784,15.1403,4.2082,20.3496,,0.1544,,,0.0415,0.0386,Conservative (<0.5x),0.61653716414654,0.61653716414654,346.2675,14.7931,8.3978,54.376000000000005,7.3,0.0427286669188129,0.0832,0.1242,0.1213,0.1127,0.0961
PSA,2017,Real Estate,1,Positive Return,1.9289830501056209,Neutral (-5% to 5%),2668528000.0,0.0422,Flat (0-5%),1960550000.0,1415353000.0,1442217000.0,6.75,6.73,0.7347,0.5452,0.716,0.5405,High (≥20%),0.5677,1975679000.0,1515001000.0,-460678000.0,10732892000.0,1768523000.0,8940009000.0,433376000.0,1431322000.0,,35908184304.08,40517493548.22,30.5659,13.4562,4.1092,20.3496,,0.1613,,,0.1601,0.1334,Conservative (<0.5x),1.3524663331366,1.2852156428955002,114.6499,15.3706,8.3071,51.494,8.0,0.048120427165074,0.0365,-0.0104,-0.0132,0.0156,-0.0496
PSA,2018,Real Estate,1,Positive Return,13.068500168996596,Outperformer (5-20%),2754280000.0,0.0321,Flat (0-5%),2014558000.0,1412192000.0,1711031000.0,8.56,8.54,0.7314,0.633,0.809,0.6212,High (≥20%),0.5746,2061503000.0,1582634000.0,-478869000.0,10928270000.0,1783542000.0,9119478000.0,361218000.0,1412283000.0,1050649000.0,35293116420.9,36344181420.9,23.646,12.8139,3.9547,16.3182,,0.1876,,,0.1549,0.1292,Conservative (<0.5x),1.0291938916077,0.96808584767612,53.5792,15.832,9.8353,52.42,8.0,0.0466025958948109,0.0275,0.2708,0.2681,0.0434,0.0446
PSX,2014,Energy,1,Positive Return,16.192672759666475,Outperformer (5-20%),164093000000.0,-0.0613,Declining,8870000000.0,6062000000.0,4762000000.0,8.4,8.33,0.0541,0.0407,0.047,0.0289999999999999,Low (0-10%),-0.0015,3529000000.0,-244000000.0,-3773000000.0,48692000000.0,26655000000.0,21590000000.0,5207000000.0,8635000000.0,3428000000.0,39686910923.4,43114910923.4,8.5357,0.2419,2.283,5.6154,0.2075,0.2206,0.1156,0.1156,0.4,0.1773,Conservative (<0.5x),1.505,1.1233098972418,25.03,289.9672,8.4149,38.151,1.89,0.030059730560044,0.0766,0.278,0.3839,-0.4145,-1.0574
PSX,2015,Energy,1,Positive Return,11.321500308914665,Outperformer (5-20%),100949000000.0,-0.3848,Declining,9179000000.0,6424000000.0,4227000000.0,7.78,7.73,0.0909,0.0624,0.073,0.0419,Low (0-10%),-0.0005,5713000000.0,-51000000.0,-5764000000.0,48580000000.0,24642000000.0,23100000000.0,3074000000.0,8887000000.0,5813000000.0,43635414904.0,49448414904.0,10.5141,0.4323,2.3189,6.7012,0.1729,0.183,0.108,0.108,0.3847,0.1829,Conservative (<0.5x),1.6269999999999998,1.0950736953924,20.3258,186.1309,7.7938,42.592,2.18,0.0295466741553349,0.0348,-0.1123,-0.0738,0.6189,0.7909999999999999
PSX,2016,Energy,1,Positive Return,20.41548056111292,Strong Outperformer (>20%),85777000000.0,-0.1503,Declining,5346000000.0,2535000000.0,1555000000.0,2.94,2.92,0.0623,0.0284,0.042,0.0181,Low (0-10%),0.0014,2963000000.0,119000000.0,-2844000000.0,51653000000.0,27928000000.0,22390000000.0,2711000000.0,10138000000.0,7427000000.0,45204589291.95,52631589291.95,29.5204,0.527,2.4952,14.5875,0.0646,0.0695,0.0409,0.0409,0.4528,0.1963,Conservative (<0.5x),1.34,0.96248546972419,7.2189,162.6009,2.9477,42.443000000000005,2.45,0.0303563020250189,-0.4176,-0.6321,-0.6221,-0.4814,3.3333
PSX,2017,Energy,0,Negative/Flat Return,-12.800042945566654,Underperformer (-5% to -20%),104622000000.0,0.2197,High Growth (>15%),7052000000.0,4015000000.0,5106000000.0,9.9,9.85,0.0674,0.0368,0.049,0.0488,Low (0-10%),0.0174,3648000000.0,1816000000.0,-1832000000.0,54371000000.0,26943000000.0,25085000000.0,3119000000.0,10110000000.0,6991000000.0,51560844552.25,58551844552.25,10.2778,0.4928,2.469,11.3275,0.1983,0.2035,0.0646,0.0646,0.4029999999999999,0.1859,Conservative (<0.5x),1.4240000000000002,1.0512516077966,8.7922,203.114,9.9128,48.7,2.73,0.0279286031403489,0.3191,2.2836,2.3673,0.2312,14.2605
PSX,2018,Energy,1,Positive Return,30.979844627767967,Strong Outperformer (>20%),114217000000.0,0.0917,Moderate (5-15%),10982000000.0,7941000000.0,5595000000.0,11.87,11.8,0.0962,0.0672,0.079,0.049,Low (0-10%),0.0432,7573000000.0,4934000000.0,-2639000000.0,54302000000.0,27149000000.0,24653000000.0,3019000000.0,11160000000.0,8141000000.0,39725946404.15,47866946404.15,7.2578,0.3478,1.9383,5.3026,0.2128,0.2269999999999999,0.1243,0.1243,0.4527,0.2055,Conservative (<0.5x),1.4780000000000002,1.0287632904309,15.2202,242.6494,11.8863,52.374,3.1,0.036078175171167,0.5573,0.0958,0.1989999999999999,1.0759,1.717
SBUX,2014,Consumer Cyclical,1,Positive Return,49.32140383297472,Strong Outperformer (>20%),16447800000.0,0.1063,Moderate (5-15%),9589000000.0,2812800000.0,2068100000.0,1.37,1.35,0.583,0.196,0.242,0.1257,Medium (10-20%),-0.0336,607800000.0,-553100000.0,-1160900000.0,10752900000.0,5479200000.0,5272000000.0,1843800000.0,2048300000.0,204500000.0,56542824000.0,56747324000.0,27.4708,3.4377,13.6419,14.2847,0.4448,0.3923,0.2996,0.2996,0.3885,0.1905,Conservative (<0.5x),1.372,0.8144272221673701,50.2995,10.9193,1.3730000000000002,3.5,0.52,0.0150082176162619,0.1302,248.1687,136.0,-0.7909999999999999,-1.3148
SBUX,2015,Consumer Cyclical,0,Negative/Flat Return,-3.2769818874182834,Neutral (-5% to 5%),19162700000.0,0.1651,High Growth (>15%),11375200000.0,3351100000.0,2757400000.0,1.84,1.82,0.5936,0.2073,0.256,0.1439,Medium (10-20%),0.1276,3749100000.0,2445400000.0,-1303700000.0,12416300000.0,6596500000.0,5818000000.0,1611400000.0,2347500000.0,736100000.0,82773834000.0,83509934000.0,30.3098,4.3195,22.2604,17.0241,0.6251,0.4739,0.2927,0.2927,0.4035,0.1891,Conservative (<0.5x),1.089,0.6387982785559599,56.3348,12.8101,1.8433,3.889,0.64,0.011928673933211,0.1863,0.3333,0.3431,5.1683,5.4213
SBUX,2016,Consumer Cyclical,1,Positive Return,5.684138414191928,Outperformer (5-20%),21315900000.0,0.1124,Moderate (5-15%),12806900000.0,3853700000.0,2817700000.0,1.91,1.9,0.6008,0.2007,0.249,0.1322,Medium (10-20%),0.1528,4697900000.0,3257600000.0,-1440300000.0,14312500000.0,8421800000.0,5884000000.0,2263200000.0,3585200000.0,1322000000.0,78961744000.0,80283744000.0,28.1885,3.7044,21.5944,15.1228,0.5938,0.4789,0.305,0.305,0.6093,0.2505,Moderate (0.5-1x),1.046,0.66684261458608,52.6285,14.4848,1.9147,3.998,0.8,0.0157206510535589,0.1259,0.0219,0.038,0.2531,0.3321
SBUX,2017,Consumer Cyclical,1,Positive Return,14.337865793671371,Outperformer (5-20%),22386800000.0,0.0502,Moderate (5-15%),15321000000.0,3743300000.0,2884700000.0,1.99,1.97,0.6844,0.1969999999999999,0.245,0.1289,Medium (10-20%),0.1221,4251800000.0,2732400000.0,-1519400000.0,14365600000.0,8908600000.0,5450100000.0,2690900000.0,3932600000.0,1241700000.0,77696259000.0,78937959000.0,27.0402,3.4706,22.3274,14.4129,0.4822,0.5293,0.3142,0.3142,0.7216,0.2738,Moderate (0.5-1x),1.252,0.8437699907598301,47.6735,15.4445,1.9901,3.76,1.0,0.019316371929105,0.1963,0.0238,0.0419,-0.095,-0.1612
SBUX,2018,Consumer Cyclical,1,Positive Return,39.25823361126532,Strong Outperformer (>20%),24719500000.0,0.1042,Moderate (5-15%),16788800000.0,3582100000.0,4518300000.0,3.27,3.24,0.6792,0.2407,0.294,0.1828,Medium (10-20%),0.4029999999999999,11937800000.0,9961400000.0,-1976400000.0,24156400000.0,22980600000.0,1169500000.0,8937800000.0,9440100000.0,502300000.0,74982978000.0,75485278000.0,16.9969,3.0334,0.0,10.4024,0.3547,3.8634,0.2266,0.2266,8.0719,0.3908,High (>2x),2.198,1.6943281376447,34.9419,17.8777,3.2677,0.846,1.26,0.0230328050529749,0.0958,0.5663,0.6432,1.8077,2.6457
SLB,2014,Energy,0,Negative/Flat Return,-16.027079064649698,Underperformer (-5% to -20%),48580000000.0,0.0732,Moderate (5-15%),11182000000.0,7717000000.0,5438000000.0,4.2,4.16,0.2302,0.1592,0.243,0.1119,Medium (10-20%),0.142,11195000000.0,6898000000.0,-4297000000.0,66904000000.0,28855000000.0,37850000000.0,7501000000.0,13330000000.0,5829000000.0,109905067426.05,115734067426.05,20.3357,2.2624,6.4628,9.7839,0.2098,0.1437,0.1009,0.1009,0.3522,0.1992,Conservative (<0.5x),1.742,1.3171557562077,20.9621,37.5135,4.1992,29.228,1.6,0.020429690369357,0.1255,-0.1922,-0.1749,0.0472,0.0858
SLB,2015,Energy,1,Positive Return,24.544462972861425,Strong Outperformer (>20%),35475000000.0,-0.2698,Declining,7154000000.0,2991000000.0,2072000000.0,1.63,1.63,0.2017,0.0892,0.204,0.0584,Low (0-10%),0.1666,8805000000.0,5909000000.0,-2896000000.0,68005000000.0,32100000000.0,35633000000.0,13034000000.0,18999000000.0,5965000000.0,87961983633.0,93926983633.0,42.7914,2.4795,6.0795,12.9698,0.0791,0.0581,0.0414,0.0414,0.5332,0.2794,Moderate (0.5-1x),1.906,1.5447914453651002,9.1445,27.9992,1.6354,28.124,2.0,0.0306706294015839,-0.3602,-0.619,-0.6119,-0.2135,-0.1434
SLB,2016,Energy,0,Negative/Flat Return,-18.197420846751143,Underperformer (-5% to -20%),27810000000.0,-0.2161,Declining,3401000000.0,-1535000000.0,-1687000000.0,-1.24,-1.24,0.1223,-0.0502,0.0969999999999999,-0.0607,Negative,0.1286,6261000000.0,3576000000.0,-2685000000.0,77956000000.0,36427000000.0,41078000000.0,9257000000.0,19616000000.0,10359000000.0,117982952235.2,128341952235.2,0.0,4.2425,22.8927,47.5517,-0.0778,-0.0411,-0.017,-0.017,0.4775,0.2516,Conservative (<0.5x),1.589,1.238063616442,-2.4474,20.4937,-1.2432,30.271,2.0,0.0251121170405589,-0.5246,-1.8142,-1.7607,-0.2889,-0.3948
SLB,2017,Energy,0,Negative/Flat Return,-46.35447715150241,Heavy Decline (<-20%),30440000000.0,0.0946,Moderate (5-15%),3897000000.0,-841000000.0,-1505000000.0,-1.08,-1.08,0.128,-0.02,0.106,-0.0494,Negative,0.1078,5663000000.0,3280000000.0,-2383000000.0,71987000000.0,34726000000.0,36842000000.0,5089000000.0,18199000000.0,13110000000.0,96303392688.8,109413392688.8,0.0,3.1637,58.7302,33.8951,-0.1018,-0.0409,-0.0096,-0.0096,0.494,0.2528,Conservative (<0.5x),1.21,0.86199450333726,-1.0759999999999998,21.9308,-1.0843,26.543000000000003,2.0,0.030533042291231,0.1458,0.1079,0.129,-0.0955,-0.0828
SLB,2018,Energy,1,Positive Return,14.184102689736106,Outperformer (5-20%),32815000000.0,0.078,Moderate (5-15%),4337000000.0,2835000000.0,2138000000.0,1.54,1.53,0.1322,0.0963,0.205,0.0652,Low (0-10%),0.1052,5713000000.0,3453000000.0,-2260000000.0,70507000000.0,33921000000.0,36162000000.0,2777000000.0,16051000000.0,13274000000.0,49963649304.8,63237649304.8,23.4286,1.5226,26.259,9.416,0.1535,0.0591,0.0321,0.0321,0.4439,0.2277,Conservative (<0.5x),1.166,0.7903010529437902,5.4957,23.6931,1.5437,26.11,2.0,0.056875380354106,0.1129,2.4206,2.4259,0.0088,0.0527
SO,2014,Utilities,1,Positive Return,0.5111602294751593,Neutral (-5% to 5%),18467000000.0,0.0808,Moderate (5-15%),6455000000.0,4510000000.0,2031000000.0,2.19,2.18,0.3495,0.2081,0.332,0.11,Medium (10-20%),0.025,5815000000.0,462000000.0,-5353000000.0,70233000000.0,48893000000.0,20926000000.0,710000000.0,24776000000.0,24066000000.0,44189802482.76,68255802482.76,22.4247,2.3929,2.1262,11.1238,0.0392,0.0971,0.0439,0.0439,1.1840000000000002,0.3528,Elevated (1-2x),0.654,0.29650708626269,4.6024,20.5875,2.2642,23.329,2.083,0.052518746743964,0.0188,0.1939999999999999,0.1649,-0.0463,-0.0906
SO,2015,Utilities,1,Positive Return,9.35815757393486,Outperformer (5-20%),17489000000.0,-0.053,Declining,6681000000.0,4647000000.0,2421000000.0,2.6,2.59,0.382,0.2547,0.392,0.1384,Medium (10-20%),0.0573,6274000000.0,1002000000.0,-5272000000.0,78318000000.0,56175000000.0,21982000000.0,1404000000.0,28738000000.0,27334000000.0,42529252020.01,69863252020.01,17.9962,2.4318,1.9655,10.199,0.0414,0.1101,0.0405,0.0405,1.3073,0.3669,Elevated (1-2x),0.715,0.36225216343521,5.3036,19.2187,2.6604,24.156,2.153,0.0544009070261279,0.035,0.2058,0.1872,0.0789,1.1688
SO,2016,Utilities,1,Positive Return,2.7291141154637497,Neutral (-5% to 5%),19896000000.0,0.1376,Moderate (5-15%),7417000000.0,4487000000.0,2493000000.0,2.57,2.55,0.3728,0.2393,0.386,0.1253,Medium (10-20%),-0.1275,4894000000.0,-2537000000.0,-7431000000.0,109697000000.0,82803000000.0,26612000000.0,1975000000.0,47457000000.0,45482000000.0,48059174499.2,93541174499.2,19.0817,2.4155,2.4885,12.1735,0.0331,0.0937,0.0282,0.0282,1.7833,0.4326,Elevated (1-2x),0.753,0.4041960207478499,3.615,20.9211,2.6215,27.983,2.2230000000000003,0.0510066418963,0.1102,0.0342,-0.0115,-0.22,-3.5319
SO,2017,Utilities,0,Negative/Flat Return,-1.8747176717248784,Neutral (-5% to 5%),23031000000.0,0.1576,High Growth (>15%),8665000000.0,2293000000.0,880000000.0,0.84,0.84,0.3762,0.1179,0.268,0.0382,Low (0-10%),-0.0334,6394000000.0,-770000000.0,-7164000000.0,111005000000.0,85153000000.0,25528000000.0,2130000000.0,50793000000.0,48663000000.0,47341118184.47,96004118184.47,56.1548,2.0555,2.5808,15.5523,0.0115,0.0345,0.0141,0.0141,1.9897,0.4576,Elevated (1-2x),0.741,0.4418861262321599,1.6033,23.031,0.88,25.528,2.3,0.0526241128260979,0.1683,-0.6559999999999999,-0.6732,0.3065,0.6965
SO,2018,Utilities,1,Positive Return,52.34655178815852,Strong Outperformer (>20%),23495000000.0,0.0201,Flat (0-5%),8338000000.0,3900000000.0,2242000000.0,2.18,2.17,0.3549,0.1929,0.344,0.0954,Low (0-10%),-0.0428,6945000000.0,-1006000000.0,-7951000000.0,116914000000.0,87584000000.0,29039000000.0,1396000000.0,46849000000.0,45453000000.0,45188791001.28,90641791001.28,20.1468,1.9233,1.9612,11.2153,0.0295,0.0772,0.0228,0.0228,1.6133,0.4007,Elevated (1-2x),0.6709999999999999,0.37379252414952,2.4609,23.0343,2.198,28.47,2.38,0.0554354948467159,-0.0377,1.6437,1.5952,0.0862,-0.3065
SPG,2014,Real Estate,1,Positive Return,8.298172116191276,Outperformer (5-20%),4870818000.0,0.072,Moderate (5-15%),3988015000.0,2397343000.0,1408588000.0,4.52,4.52,0.8188,0.4987,0.763,0.2892,High (≥20%),0.397,2730420000.0,1933684000.0,-796736000.0,29532330000.0,23555288000.0,5093177000.0,,20852993000.0,,56596523678.25,75340293653.92,40.2898,11.6195,11.1122,16.8733,,0.2766,,,4.0943,0.7061,High (>2x),,,2.4474,15.6728,4.5324,16.387999999999998,18.165,0.039637884961794,0.0761,0.0676,0.066,0.0109,0.0397
SPG,2015,Real Estate,0,Negative/Flat Return,-4.468005839166609,Neutral (-5% to 5%),5266103000.0,0.0812,Moderate (5-15%),4305911000.0,2675508000.0,1827720000.0,5.88,5.88,0.8177,0.5263,0.762,0.3471,High (≥20%),0.3805,3024685000.0,2003761000.0,-1020924000.0,30565182000.0,25323276000.0,4471464000.0,701134000.0,22416682000.0,,60163251475.2,75340293653.92,33.068000000000005,11.4246,13.4549,16.8733,,0.4088,,,5.0133,0.7334,High (>2x),0.64271241566187,0.49790302499958,3.0005,17.0194,5.907,14.451,6.05,0.042263789937701,0.0797,0.2983,0.3009,0.1078,0.0362
SPG,2016,Real Estate,0,Negative/Flat Return,-1.7550250856054044,Neutral (-5% to 5%),5435229000.0,0.0321,Flat (0-5%),4464082000.0,2728147000.0,1838896000.0,5.87,5.87,0.8213,0.5016,0.746,0.3383,High (≥20%),0.4736,3372694000.0,2574229000.0,-798465000.0,31103578000.0,26005904000.0,4310448000.0,560059000.0,22977104000.0,,57386055354.54,75340293653.92,31.1107,10.5582,13.3132,16.8733,,0.4266,,,5.3306,0.7387,High (>2x),0.6595944371861701,0.48193659588534,3.179,17.2966,5.8519,13.717,6.5,0.045965080875134,0.0367,0.0061,-0.0017,0.1151,0.2847
SPG,2017,Real Estate,1,Positive Return,2.148665862468913,Neutral (-5% to 5%),5538640000.0,0.019,Flat (0-5%),4558560000.0,2813644000.0,1947962000.0,6.24,6.24,0.823,0.5021,0.747,0.3517,High (≥20%),0.5167,3593788000.0,2861688000.0,-732100000.0,32257638000.0,27828394000.0,3686168000.0,1482309000.0,24632463000.0,,53598547926.54,75340293653.92,27.6314,9.6772,14.5405,16.8733,,0.5285,,,6.6824,0.7636,High (>2x),1.0538337857528002,0.8346804628333299,3.4355,17.8171,6.2664,11.858,7.15,0.0514283338489049,0.0212,0.0594,0.063,0.0656,0.1117
SPG,2018,Real Estate,0,Negative/Flat Return,-5.058628873381688,Underperformer (-5% to -20%),5657919000.0,0.0215,Flat (0-5%),4649955000.0,2923718000.0,2440058000.0,7.87,7.87,0.8218,0.5820000000000001,0.821,0.4313,High (≥20%),0.5247,3750796000.0,2968887000.0,-781909000.0,30686223000.0,26659104000.0,3296681000.0,514335000.0,23305535000.0,22790974000.0,51960048675.85,74751248675.85,21.3456,9.1836,15.7613,16.101,,0.7402,,,7.0694,0.7595,High (>2x),0.41661338901138,0.29671823572263,4.0358,18.2924,7.8889,10.658,7.9,0.055519651707104,0.02,0.2531,0.2612,0.0437,0.0375
T,2014,Communication Services,1,Positive Return,7.424300333652923,Outperformer (5-20%),132447000000.0,0.0287,Flat (0-5%),72302000000.0,12212000000.0,6442000000.0,1.24,1.24,0.5459,0.1032,0.241,0.0486,Low (0-10%),0.0766,31338000000.0,10139000000.0,-21199000000.0,296834000000.0,206564000000.0,89716000000.0,8603000000.0,81834000000.0,73231000000.0,174231330000.0,247462330000.0,27.0887,1.3155,0.0,7.746,0.059,0.0718,0.0298,0.0298,0.9121,0.2757,Moderate (0.5-1x),0.901,0.62040663054557,3.7847,25.5344,1.242,17.296,1.84,0.069129498857249,-0.0678,-0.6502,-0.6374,-0.0994,-0.268
T,2015,Communication Services,1,Positive Return,30.101250436424287,Strong Outperformer (>20%),146801000000.0,0.1084,Moderate (5-15%),79755000000.0,24785000000.0,13345000000.0,2.37,2.37,0.5433,0.1667,0.317,0.0909,Low (0-10%),0.1135,35880000000.0,16662000000.0,-19218000000.0,402672000000.0,279032000000.0,122671000000.0,5121000000.0,126151000000.0,121030000000.0,211690320000.0,332720320000.0,14.519,1.442,0.0,7.1574,0.1185,0.1088,0.0435,0.0435,1.0284,0.3133,Elevated (1-2x),0.753,0.45284005353856,5.9393,23.8623,2.1692,19.94,1.88,0.0574592239603179,0.1031,1.0716,0.9113,0.1449,0.6434
T,2016,Communication Services,0,Negative/Flat Return,-5.099217007786157,Underperformer (-5% to -20%),163786000000.0,0.1157,Moderate (5-15%),86596000000.0,23543000000.0,12976000000.0,2.1,2.1,0.5287,0.1488,0.307,0.0792,Low (0-10%),0.1033,38442000000.0,16926000000.0,-21516000000.0,403821000000.0,279711000000.0,123135000000.0,5788000000.0,123513000000.0,117725000000.0,264185820000.0,381910820000.0,20.4857,1.6130000000000002,0.0,7.606,0.1151,0.1054,0.0413,0.0413,1.0031,0.3059,Elevated (1-2x),0.759,0.44649636191079,4.9623,26.6709,2.113,20.051,1.92,0.051294294805213,0.0858,-0.0277,-0.1139,0.0714,0.0158
T,2017,Communication Services,0,Negative/Flat Return,-21.56611624702857,Heavy Decline (<-20%),160546000000.0,-0.0198,Declining,82736000000.0,19970000000.0,29450000000.0,4.77,4.76,0.5153,0.1311,0.283,0.1834,Medium (10-20%),0.1081,38010000000.0,17363000000.0,-20647000000.0,444097000000.0,302090000000.0,140861000000.0,50498000000.0,164346000000.0,113848000000.0,236597060000.0,350445060000.0,8.0797,1.4737,0.0,7.7141,0.2395,0.2091,0.0357,0.0357,1.1667,0.3701,Elevated (1-2x),0.972,0.8234528007470301,3.34,26.1518,4.7972,22.945,1.96,0.05565932033224,-0.0446,1.2696,1.2714,-0.0112,0.0258
T,2018,Communication Services,1,Positive Return,40.618216354998616,Strong Outperformer (>20%),170756000000.0,0.0636,Moderate (5-15%),91337000000.0,26096000000.0,19370000000.0,2.85,2.85,0.5349,0.1888,0.355,0.1134,Medium (10-20%),0.1338,43602000000.0,22844000000.0,-20758000000.0,531864000000.0,337980000000.0,184089000000.0,5204000000.0,176505000000.0,171301000000.0,207714120000.0,379015120000.0,10.014,1.2164,0.0,6.2464,0.1429,0.1052,0.0352,0.0352,0.9588,0.3319,Moderate (0.5-1x),0.7979999999999999,0.49171064886681,4.0527,23.4619,2.6614,25.294,2.0,0.066679905586505,0.104,-0.3423,-0.4025,0.1471,0.3157
TGT,2014,Consumer Defensive,0,Negative/Flat Return,-0.8406475611562578,Neutral (-5% to 5%),71279000000.0,-0.0276,Declining,21240000000.0,4779000000.0,1971000000.0,3.1,3.07,0.298,0.0624,0.09,0.0277,Low (0-10%),0.066,6520000000.0,4704000000.0,-1816000000.0,44553000000.0,28322000000.0,16231000000.0,670000000.0,12572000000.0,11902000000.0,35023979401.59,46925979401.59,17.8742,0.4914,2.1589,7.2832,0.0782,0.1214,0.0926,0.0926,0.7746,0.2822,Moderate (0.5-1x),0.906,0.052437974485403,4.2393,112.2327,3.1034,25.557,1.58,,-0.0461,-0.3428,-0.3217,0.2244,0.5448
TGT,2015,Consumer Defensive,1,Positive Return,1.4253391429079385,Neutral (-5% to 5%),72618000000.0,0.0188,Flat (0-5%),21340000000.0,4535000000.0,-1636000000.0,-2.58,-2.56,0.2939,0.0062,0.036,-0.0225,Negative,0.0382,4465000000.0,2774000000.0,-1691000000.0,41172000000.0,27175000000.0,13997000000.0,2210000000.0,12725000000.0,10515000000.0,47294605586.25,57809605586.25,0.0,0.6513,3.3844,22.4155,-0.0588,-0.1169,0.1038,0.1038,0.9091,0.3091,Moderate (0.5-1x),1.161,0.18830947511929,0.5102,114.4131,-2.5776,22.053,1.9,0.029789301479512,0.0047,-1.83,-1.8323,-0.3152,-0.4103
TGT,2016,Consumer Defensive,0,Negative/Flat Return,-6.5085601510407125,Underperformer (-5% to -20%),73785000000.0,0.0161,Flat (0-5%),21544000000.0,4910000000.0,3363000000.0,5.35,5.31,0.292,0.0755,0.106,0.0456,Low (0-10%),0.0616,5958000000.0,4548000000.0,-1410000000.0,40262000000.0,27305000000.0,12957000000.0,4046000000.0,12760000000.0,8714000000.0,44867038756.3,53581038756.3,13.6131,0.6081,3.4304,6.8826,0.1258,0.2596,0.1257,0.1257,0.9848,0.3169,Moderate (0.5-1x),1.119,0.32055141815877,9.1796,117.5482,5.3577,20.642,2.16,0.033740213002797,0.0096,3.0556,3.0736,0.3344,0.6395
TGT,2017,Consumer Defensive,1,Positive Return,0.9869942713685412,Neutral (-5% to 5%),70271000000.0,-0.0476,Declining,21126000000.0,4864000000.0,2734000000.0,4.73,4.69,0.3006,0.0714,0.104,0.0389,Low (0-10%),0.0561,5444000000.0,3943000000.0,-1501000000.0,37431000000.0,26478000000.0,10953000000.0,2512000000.0,12749000000.0,10237000000.0,36015913151.68,46252913151.68,13.556,0.5125,3.2777,6.3032,0.1142,0.2496,0.127,0.127,1.164,0.3406,Elevated (1-2x),0.944,0.19768631462973,5.0656,121.6603,4.7334,18.963,2.32,0.0399107830802139,-0.0194,-0.187,-0.1159,-0.0863,-0.133
TGT,2018,Consumer Defensive,1,Positive Return,99.1182734492175,Strong Outperformer (>20%),72714000000.0,0.0348,Flat (0-5%),21589000000.0,4224000000.0,2914000000.0,5.32,5.29,0.2969,0.059,0.093,0.0401,Low (0-10%),0.061,6935000000.0,4433000000.0,-2502000000.0,40303000000.0,28652000000.0,11651000000.0,2643000000.0,13322000000.0,10679000000.0,38468636369.73,49147636369.73,13.3026,0.529,3.2867,7.265,0.1213,0.2501,0.1061,0.1061,1.1434,0.3305,Elevated (1-2x),0.961,0.20249770150169,6.5681,132.981,5.3292,21.308000000000003,2.44,0.036372670823014,0.0219,0.0658,0.1247,0.2739,0.1243
TMUS,2014,Communication Services,1,Positive Return,46.01196534977768,Strong Outperformer (>20%),29564000000.0,0.2106,High Growth (>15%),14155000000.0,581000000.0,247000000.0,0.31,0.3,0.4788,0.0597,0.209,0.0084,Low (0-10%),-0.0058,4146000000.0,-171000000.0,-4317000000.0,56653000000.0,40990000000.0,15663000000.0,5315000000.0,21960000000.0,16645000000.0,21750018644.52,38395018644.52,86.9032,0.7357,0.0,6.2168,0.0115,0.0158,0.0085,0.0085,1.402,0.3876,Elevated (1-2x),1.5930000000000002,1.3612123974476,1.3057,36.7125,0.3067,19.45,0.0,-0.0,0.1636,6.0571,5.2,0.1695,0.6438
TMUS,2015,Communication Services,1,Positive Return,47.65082720166057,Strong Outperformer (>20%),32467000000.0,0.0982,Moderate (5-15%),17569000000.0,2316000000.0,733000000.0,0.83,0.82,0.5411,0.0762,0.221,0.0226,Low (0-10%),0.0213,5414000000.0,690000000.0,-4724000000.0,62413000000.0,45856000000.0,16557000000.0,7580000000.0,26243000000.0,18663000000.0,31923382462.08,50586382462.08,47.1325,0.9833,0.0,7.0632,0.0289,0.0443,0.0318,0.0318,1.585,0.4205,Elevated (1-2x),1.5630000000000002,1.3254617968093998,1.6537,39.9351,0.9016,20.365,0.0,-0.0,0.2412,1.7449,1.6774,0.3058,5.0351
TMUS,2016,Communication Services,1,Positive Return,8.899174646548543,Outperformer (5-20%),37490000000.0,0.1547,High Growth (>15%),20940000000.0,3215000000.0,1460000000.0,1.71,1.69,0.5585,0.1082,0.275,0.0389,Low (0-10%),-0.0513,2779000000.0,-1923000000.0,-4702000000.0,65891000000.0,47655000000.0,18236000000.0,5500000000.0,27786000000.0,22286000000.0,48056579819.28,70342579819.28,34.1053,1.2819,0.0,6.8294,0.0559,0.0801,0.0388,0.0388,1.5237,0.4217,Elevated (1-2x),1.5759999999999998,1.1471957437375,2.3451,45.5822,1.7751,22.172,0.0,-0.0,0.1919,1.0723,1.0602,-0.4867,-3.787
TMUS,2017,Communication Services,0,Negative/Flat Return,-0.6714558073523107,Neutral (-5% to 5%),40604000000.0,0.0831,Moderate (5-15%),22896000000.0,4653000000.0,4536000000.0,5.39,5.2,0.5639,0.119,0.266,0.1117,Medium (10-20%),-0.0346,3831000000.0,-1406000000.0,-5237000000.0,70563000000.0,48004000000.0,22559000000.0,1219000000.0,28319000000.0,27100000000.0,53278980835.92,80378980835.92,11.8813,1.3122,0.0,7.4315,0.2315,0.2011,0.0489,0.0489,1.2553,0.4013,Elevated (1-2x),0.774,0.5835866261398199,2.8917,48.8117,5.4529,27.119,0.0,-0.0,0.0934,2.1893,2.152,0.3786,0.2689
TMUS,2018,Communication Services,1,Positive Return,20.16548513934049,Strong Outperformer (>20%),43310000000.0,0.0666,Moderate (5-15%),24956000000.0,5309000000.0,2888000000.0,3.4,3.36,0.5762,0.1218,0.272,0.0667,Low (0-10%),-0.0379,3899000000.0,-1642000000.0,-5541000000.0,72468000000.0,47750000000.0,24718000000.0,1203000000.0,27547000000.0,26344000000.0,53966280129.42,80310280129.42,18.7088,1.246,0.0,6.8291,0.1351,0.1168,0.0537,0.0537,1.1145,0.3801,Elevated (1-2x),0.807,0.6884192071686,3.8865,50.9683,3.3987,29.089,0.0,-0.0,0.09,-0.3555,-0.3692,0.0177,-0.1679
UNH,2014,Healthcare,1,Positive Return,18.63508999939808,Outperformer (5-20%),130474000000.0,0.0652,Moderate (5-15%),33015000000.0,10274000000.0,5619000000.0,5.78,5.7,0.253,0.0787,0.09,0.0431,Low (0-10%),0.05,8051000000.0,6526000000.0,-1525000000.0,86382000000.0,52540000000.0,32454000000.0,12198000000.0,17406000000.0,5208000000.0,97025284017.53,102233284017.53,17.4896,0.7436,0.0,8.6992,-2.1212,0.1731,0.1474,0.1474,0.5363,0.2015,Moderate (0.5-1x),0.769,0.71671619371061,16.6246,134.2325,5.7809,33.389,1.405,0.014802002931396,0.1027,-0.0011,0.034,0.1516,0.1481
UNH,2015,Healthcare,1,Positive Return,39.810646601475575,Strong Outperformer (>20%),157107000000.0,0.2041,High Growth (>15%),37026000000.0,11021000000.0,5813000000.0,6.1,6.01,0.2357,0.0698,0.081,0.037,Low (0-10%),0.0521,9740000000.0,8184000000.0,-1556000000.0,111254000000.0,75793000000.0,33830000000.0,15909000000.0,31965000000.0,16056000000.0,112123676293.4,128179676293.4,19.2852,0.7137,0.0,10.1256,-0.9086,0.1718,0.1199,0.1199,0.9449,0.2873,Moderate (0.5-1x),0.738,0.68145368082428,13.880999999999998,164.8552,6.0997,35.498000000000005,1.875,0.016738567734199,0.1215,0.0345,0.0554,0.2098,0.2541
UNH,2016,Healthcare,1,Positive Return,38.6137442995923,Strong Outperformer (>20%),184840000000.0,0.1765,High Growth (>15%),43386000000.0,12930000000.0,7017000000.0,7.37,7.25,0.2347,0.0696,0.081,0.038,Low (0-10%),0.0438,9795000000.0,8090000000.0,-1705000000.0,122810000000.0,82621000000.0,38274000000.0,16380000000.0,32970000000.0,16590000000.0,153670728719.0,170260728719.0,21.9064,0.8314,0.0,11.4047,-0.7408,0.1833,0.1294,0.1294,0.8614,0.2685,Moderate (0.5-1x),0.688,0.65034922439698,12.0656,194.1597,7.3708,40.204,2.375,0.0151919106114379,0.1718,0.2071,0.2082,0.0056,-0.0115
UNH,2017,Healthcare,1,Positive Return,14.161440104317212,Outperformer (5-20%),201159000000.0,0.0883,Moderate (5-15%),47011000000.0,15209000000.0,10558000000.0,10.95,10.72,0.2337,0.0743,0.085,0.0525,Low (0-10%),0.0575,13596000000.0,11573000000.0,-2023000000.0,139058000000.0,87036000000.0,47776000000.0,18591000000.0,31692000000.0,13101000000.0,214318957020.84,227419957020.84,20.1973,1.0654,0.0,13.2306,-1.6585,0.221,0.1385,0.1385,0.6633,0.2279,Moderate (0.5-1x),0.735,0.6821037195569,12.6003,208.6712,10.9523,49.56,2.875,0.013232383156158,0.0836,0.5046,0.4858,0.3881,0.4305
UNH,2018,Healthcare,1,Positive Return,22.77778461070609,Strong Outperformer (>20%),226247000000.0,0.1247,Moderate (5-15%),53846000000.0,17344000000.0,11986000000.0,12.45,12.19,0.238,0.0749,0.086,0.053,Low (0-10%),0.0603,15713000000.0,13650000000.0,-2063000000.0,152221000000.0,95994000000.0,51696000000.0,17356000000.0,36554000000.0,19198000000.0,239661959904.0,258859959904.0,20.0096,1.0593,0.0,13.3598,-1.9782,0.2319,0.1369999999999999,0.1369999999999999,0.7071,0.2401,Moderate (0.5-1x),0.727,0.66917250841023,12.1057,234.9398,12.4465,53.682,3.45,0.0138917710129469,0.1454,0.1353,0.1369999999999999,0.1557,0.1795
UPS,2014,Industrials,0,Negative/Flat Return,-10.28791781083783,Underperformer (-5% to -20%),58232000000.0,0.0504,Moderate (5-15%),52978000000.0,4968000000.0,3032000000.0,3.31,3.28,0.9098,0.0857,0.119,0.0521,Low (0-10%),0.0593,5726000000.0,3451000000.0,-2275000000.0,35440000000.0,33282000000.0,2141000000.0,3283000000.0,10779000000.0,7496000000.0,100634009549.72,108130009549.72,33.5861,1.7282,0.0,15.6415,0.1452,1.4162,0.127,0.127,5.0346,0.3041,High (>2x),1.301,1.1534624753508995,14.136,64.3287,3.3494,2.365,2.68,0.027018815222301,0.0559,-0.3065,-0.2882,-0.216,-0.3541
UPS,2015,Industrials,1,Positive Return,24.51542087126457,Strong Outperformer (>20%),58363000000.0,0.0022,Flat (0-5%),54481000000.0,7668000000.0,4844000000.0,5.38,5.35,0.9335,0.1316,0.1669999999999999,0.083,Low (0-10%),0.087,7430000000.0,5077000000.0,-2353000000.0,38311000000.0,35820000000.0,2470000000.0,4726000000.0,14334000000.0,9608000000.0,85684609179.21,95292609179.21,17.8866,1.4681,0.0,9.7566,0.2322,1.9611,0.1851,0.1851,5.8032,0.3741,High (>2x),1.235,1.1088257292446,22.5308,65.5459,5.4402,2.774,2.92,0.032909670889476,0.0284,0.5976,0.6254,0.2976,0.4712
UPS,2016,Industrials,1,Positive Return,6.730798660120815,Outperformer (5-20%),61610000000.0,0.0556,Moderate (5-15%),57950000000.0,7688000000.0,3422000000.0,3.88,3.86,0.9406,0.0893,0.125,0.0555,Low (0-10%),0.0584,6473000000.0,3596000000.0,-2877000000.0,40377000000.0,39948000000.0,405000000.0,4567000000.0,16075000000.0,11508000000.0,100425191602.68,111933191602.68,29.6598,1.63,0.0,14.4879,0.1636,8.4494,0.1732,0.1732,39.6914,0.3981,High (>2x),1.181,1.0453537936914,14.4409,70.6006,3.9214,0.4639999999999999,3.12,0.028530903781572,0.0637,-0.2936,-0.2788,-0.1288,-0.2917
UPS,2017,Industrials,0,Negative/Flat Return,-18.565267547672807,Underperformer (-5% to -20%),66585000000.0,0.0807,Moderate (5-15%),62294000000.0,7529000000.0,4905000000.0,5.63,5.61,0.9356,0.114,0.148,0.0737,Low (0-10%),-0.0559,1479000000.0,-3724000000.0,-5203000000.0,45574000000.0,44550000000.0,994000000.0,4069000000.0,24289000000.0,20220000000.0,106570317662.21,126790317662.21,21.9663,1.6005,0.0,12.8434,0.1966,4.9346,0.1443,0.1443,24.4356,0.5329999999999999,High (>2x),1.22,0.99658544156449,16.755,77.2689,5.692,1.153,3.32,0.0273442363018699,0.075,0.4334,0.451,-0.7715,-2.0356
UPS,2018,Industrials,1,Positive Return,24.645330453402995,Strong Outperformer (>20%),71861000000.0,0.0792,Moderate (5-15%),66702000000.0,7024000000.0,4791000000.0,5.53,5.51,0.9282,0.0922,0.123,0.0667,Low (0-10%),0.09,12711000000.0,6465000000.0,-6246000000.0,50016000000.0,46979000000.0,3021000000.0,5035000000.0,22736000000.0,17701000000.0,83800328165.04,101501328165.04,17.6365,1.1661,0.0,11.4938,0.1669,1.5859,0.1303,0.1303,7.526,0.4546,High (>2x),1.151,0.99332718108895,10.9488,83.6346,5.5759,3.516,3.64,0.036592715015288,0.0708,-0.0232,-0.0178,7.5943,2.736
VZ,2014,Communication Services,1,Positive Return,3.222675650555228,Neutral (-5% to 5%),127079000000.0,0.0542,Moderate (5-15%),77148000000.0,19599000000.0,9625000000.0,2.42,2.42,0.6071,0.1405,0.271,0.0757,Low (0-10%),0.1058,30631000000.0,13440000000.0,-17191000000.0,232616000000.0,218940000000.0,12298000000.0,11153000000.0,113271000000.0,102118000000.0,194124074966.68,296242074966.68,19.3306,1.5276,0.0,8.6149,0.1052,0.7826,0.0629,0.0629,9.2105,0.4869,High (>2x),1.054,0.89848858398542,3.6326,31.9776,2.422,3.095,2.14,0.051580310383959,0.0196,-0.1628,-0.3965,-0.2109,-0.395
VZ,2015,Communication Services,1,Positive Return,21.619254209234363,Strong Outperformer (>20%),131620000000.0,0.0357,Flat (0-5%),79063000000.0,33060000000.0,17879000000.0,4.38,4.37,0.6007,0.2482,0.37,0.1358,Medium (10-20%),0.1615,39027000000.0,21252000000.0,-17775000000.0,244175000000.0,226333000000.0,16428000000.0,4820000000.0,109729000000.0,104909000000.0,188063316392.14,292972316392.14,10.5525,1.4288,0.0,6.0182,0.2524,1.0883,0.0987,0.0987,6.6794,0.4494,High (>2x),0.638,0.52142531096656,6.638999999999999,32.2203,4.3767,4.022,2.765,0.052987341344012,0.0248,0.8576,0.8099,0.2741,0.5813
VZ,2016,Communication Services,1,Positive Return,1.6863277847582532,Neutral (-5% to 5%),125980000000.0,-0.0429,Declining,73279000000.0,29249000000.0,13127000000.0,3.22,3.21,0.5817,0.1975,0.324,0.1042,Medium (10-20%),0.0368,21689000000.0,4630000000.0,-17059000000.0,244180000000.0,220148000000.0,22524000000.0,2880000000.0,108078000000.0,105198000000.0,222502681100.16,327700681100.16,16.9503,1.7662,0.0,8.0301,0.1625,0.5828,0.0862,0.0862,4.7983,0.4426,High (>2x),0.87,0.67214897824654,5.6858,30.8775,3.2174,5.521,2.272,0.046633265527296,-0.0732,-0.2658,-0.2648,-0.4443,-0.7821
VZ,2017,Communication Services,1,Positive Return,10.009668575933302,Outperformer (5-20%),126034000000.0,0.0004,Flat (0-5%),72971000000.0,27425000000.0,30101000000.0,7.37,7.36,0.579,0.1974,0.332,0.2388,High (≥20%),0.0561,24318000000.0,7071000000.0,-17247000000.0,257143000000.0,212456000000.0,43096000000.0,2079000000.0,117095000000.0,115016000000.0,218372467951.08,333388467951.08,7.2632,1.7326,0.0,7.9697,0.3523,0.6985,0.0766,0.0766,2.7171,0.4554,High (>2x),0.905,0.77404122650362,5.2563,30.8604,7.3705,10.552,2.321,0.046328633988606,-0.0042,1.2931,1.2888,0.1212,0.5272
VZ,2018,Communication Services,1,Positive Return,14.24088630479263,Outperformer (5-20%),130863000000.0,0.0383,Flat (0-5%),75355000000.0,22278000000.0,15528000000.0,3.76,3.76,0.5758,0.183,0.316,0.1187,Medium (10-20%),0.1351,34339000000.0,17681000000.0,-16658000000.0,264829000000.0,210119000000.0,53145000000.0,2745000000.0,113063000000.0,110318000000.0,232301888978.22,342619888978.22,14.9521,1.7752,0.0,8.2863,0.1806,0.2922,0.0606,0.0606,2.1274,0.4269,High (>2x),0.913,0.7341682045874,4.9545,31.7013,3.7616,12.874,2.372,0.042983900648332,0.0327,-0.4841,-0.4898,0.4121,1.5005
WFC,2014,Financial Services,1,Positive Return,2.0654892076839944,Neutral (-5% to 5%),82952000000.0,0.0182,Flat (0-5%),82952000000.0,33915000000.0,23057000000.0,4.17,4.1,1.0,0.4022,0.433,0.278,High (≥20%),0.2113,17529000000.0,17529000000.0,0.0,1687155000000.0,1501893000000.0,184394000000.0,,247461000000.0,,284385574158.06,434771254330.88,13.1463,3.4283,1.7937,14.2543,,0.125,,,1.342,0.1467,Elevated (1-2x),,,0.0,15.839,4.4025,35.209,1.35,0.032420363006107,0.0182,0.0446,0.0557,-0.6959,-0.6959
WFC,2015,Financial Services,1,Positive Return,7.505583669265566,Outperformer (5-20%),83615000000.0,0.008,Flat (0-5%),83615000000.0,33641000000.0,22894000000.0,4.18,4.12,1.0,0.3978,0.437,0.2738,High (≥20%),0.1902,15904000000.0,15904000000.0,0.0,1787632000000.0,1593741000000.0,192998000000.0,509650000000.0,297064000000.0,,277660706417.28,434771254330.88,13.0048,3.3207,1.6581,14.2543,,0.1186,,,1.5392,0.1662,Elevated (1-2x),0.3034231429968499,0.3675638016907999,0.0,16.2786,4.4571,37.574,1.475,0.035180523868744,0.008,-0.0161,0.0024,-0.0927,-0.0927
WFC,2016,Financial Services,1,Positive Return,11.41127581698817,Outperformer (5-20%),84497000000.0,0.0105,Flat (0-5%),84497000000.0,32120000000.0,21938000000.0,4.03,3.99,1.0,0.3789,0.4379999999999999,0.2596,High (≥20%),0.0119,1008000000.0,1008000000.0,0.0,1930115000000.0,1729618000000.0,199581000000.0,487438000000.0,351858000000.0,,281248969512.0,434771254330.88,13.8958,3.3285,1.6278,14.2543,,0.1099,,,1.763,0.1823,Elevated (1-2x),0.29473144741227,0.33219407508473,0.0,16.7228,4.3418,39.499,1.515,0.034442803192324,0.0105,-0.0511,-0.0359,-0.9366,-0.9366
WFC,2017,Financial Services,0,Negative/Flat Return,-22.366635931922215,Heavy Decline (<-20%),85861000000.0,0.0161,Flat (0-5%),85861000000.0,27377000000.0,22183000000.0,4.14,4.1,1.0,0.3156,0.379,0.2584,High (≥20%),0.2169,18619000000.0,18619000000.0,0.0,1951757000000.0,1743678000000.0,206936000000.0,408527000000.0,328276000000.0,,300823131919.41,434771254330.88,14.755999999999998,3.5036,1.6639,14.2543,,0.1072,,,1.5864,0.1682,Elevated (1-2x),0.30629852293649,0.27045866360542,0.0,17.2946,4.4682,41.682,1.54,0.0314934099234159,0.0161,0.0089,0.0273,17.4712,17.4712
WFC,2018,Financial Services,1,Positive Return,19.21621178864888,Outperformer (5-20%),84664000000.0,-0.0139,Declining,84664000000.0,28538000000.0,22393000000.0,4.31,4.28,1.0,0.3314,0.397,0.2645,High (≥20%),0.4261,36073000000.0,36073000000.0,0.0,1895883000000.0,1698817000000.0,196166000000.0,173287000000.0,334831000000.0,17020000000.0,216909811261.44,378453811261.4399,10.6914,2.562,1.2662,11.2474,,0.1142,,,1.7069,0.1766,Elevated (1-2x),0.28050200464118,0.1179953315828999,0.0,17.6394,4.6655,40.87,1.64,0.0429049178905599,-0.0139,0.0066,0.0411,0.9374,0.9374
WMT,2014,Consumer Defensive,0,Negative/Flat Return,-26.65370178517993,Heavy Decline (<-20%),476294000000.0,0.0163,Flat (0-5%),118225000000.0,26872000000.0,16022000000.0,4.9,4.88,0.2482,0.0556,0.074,0.0336,Low (0-10%),0.0228,23257000000.0,10869000000.0,-12388000000.0,204751000000.0,123412000000.0,76255000000.0,7281000000.0,56641000000.0,49360000000.0,241647485072.4,291007485072.4,15.2408,0.5073,4.2627,8.2364,0.146,0.2101,0.1243,0.1243,0.7428,0.2766,Moderate (0.5-1x),0.882,0.20128343788305,11.3328,145.7002,4.9012,23.327,1.88,,0.0161,-0.0575,-0.0278,-0.0912,-0.1781
WMT,2015,Consumer Defensive,1,Positive Return,15.72912116448004,Outperformer (5-20%),485651000000.0,0.0196,Flat (0-5%),120565000000.0,27147000000.0,16363000000.0,5.07,5.05,0.2483,0.0552,0.074,0.0337,Low (0-10%),0.0349,28564000000.0,16960000000.0,-11604000000.0,203490000000.0,117553000000.0,81394000000.0,9135000000.0,50165000000.0,41030000000.0,276259605900.45,317289605900.45,16.9053,0.5688,4.37,8.818,0.1427,0.201,0.1293,0.1293,0.6163,0.2465,Moderate (0.5-1x),0.97,0.24386618239774,10.8935,150.3563,5.0659,25.199,1.92,0.025214246903156,0.0198,0.0213,0.0347,0.2282,0.5604
WMT,2016,Consumer Defensive,1,Positive Return,47.54264341996496,Strong Outperformer (>20%),482130000000.0,-0.0073,Declining,121146000000.0,24105000000.0,14694000000.0,4.58,4.57,0.2513,0.0494,0.069,0.0305,Low (0-10%),0.0347,27552000000.0,16710000000.0,-10842000000.0,199581000000.0,115970000000.0,80546000000.0,8705000000.0,50034000000.0,41329000000.0,216127793295.0,257456793295.0,14.738,0.4483,3.3459,7.7421,0.131,0.1824,0.1166,0.1166,0.6212,0.2507,Moderate (0.5-1x),0.932,0.2217459261208,9.3407,150.3368,4.5819,25.116,1.96,0.031926643396273,0.0048,-0.102,-0.0966,-0.0354,-0.0147
WMT,2017,Consumer Defensive,0,Negative/Flat Return,-3.2752502280311164,Neutral (-5% to 5%),485873000000.0,0.0078,Flat (0-5%),124617000000.0,22764000000.0,13643000000.0,4.4,4.38,0.2565,0.0457,0.066,0.0281,Low (0-10%),0.0443,31673000000.0,21510000000.0,-10163000000.0,198825000000.0,118290000000.0,77798000000.0,6867000000.0,45938000000.0,39071000000.0,205104721022.44,244175721022.44,15.1682,0.4221,3.3633,7.561,0.13,0.1754,0.1127,0.1127,0.5905,0.231,Moderate (0.5-1x),0.862,0.18978603872819,9.3849,156.6827,4.3995,25.088,2.0,0.032047724663157,0.0287,-0.0715,-0.0393,0.1496,0.2873
WMT,2018,Consumer Defensive,1,Positive Return,29.898016946139087,Strong Outperformer (>20%),500343000000.0,0.0298,Flat (0-5%),126947000000.0,20437000000.0,9862000000.0,3.29,3.28,0.2537,0.0336,0.055,0.0197,Low (0-10%),0.0373,28337000000.0,18664000000.0,-9673000000.0,204522000000.0,123700000000.0,77869000000.0,6756000000.0,46487000000.0,39731000000.0,315789862037.0,355520862037.0,32.4012,0.6311,5.2847,13.0127,0.1028,0.1266,0.1014,0.1014,0.597,0.2273,Moderate (0.5-1x),0.76,0.15753747405153,7.2069,167.0594,3.2928,26.0,2.04,0.019847270585945,0.0187,-0.2771,-0.2523,-0.1053,-0.1323
XOM,2014,Energy,0,Negative/Flat Return,-13.148794585154716,Underperformer (-5% to -20%),411939000000.0,-0.06,Declining,124339000000.0,51916000000.0,32520000000.0,7.6,7.6,0.3018,0.1234,0.165,0.0789,Low (0-10%),0.0295,45116000000.0,12164000000.0,-32952000000.0,349493000000.0,168429000000.0,174399000000.0,4658000000.0,29121000000.0,24463000000.0,391482173045.35,415945173045.35,12.1645,0.9503,2.2448,6.1062,0.135,0.1865,0.1115,0.1115,0.1669999999999999,0.0833,Conservative (<0.5x),0.8190000000000001,0.50542292636888,177.6958,97.281,7.6797,41.185,2.7,0.035304684702918,-0.0456,-0.0018,0.0312,0.0045,0.0817
XOM,2015,Energy,1,Positive Return,20.640448651612264,Strong Outperformer (>20%),249248000000.0,-0.3949,Declining,88936000000.0,22277000000.0,16150000000.0,3.85,3.85,0.3568,0.0878,0.16,0.0648,Low (0-10%),0.0155,30344000000.0,3854000000.0,-26490000000.0,336758000000.0,159948000000.0,170811000000.0,3705000000.0,38687000000.0,34982000000.0,324501057010.4,359483057010.4,20.2468,1.3019,1.8998,9.0042,0.0672,0.0945,0.0477,0.0477,0.2265,0.1149,Conservative (<0.5x),0.79,0.43686082703424,70.3408,59.8731,3.8795,41.031000000000006,2.88,0.043037596821787,-0.2847,-0.5034,-0.4934,-0.3274,-0.6832
XOM,2016,Energy,0,Negative/Flat Return,-4.473666968525961,Neutral (-5% to 5%),208114000000.0,-0.165,Declining,74923000000.0,8422000000.0,7840000000.0,1.88,1.88,0.36,0.0379,0.145,0.0377,Low (0-10%),0.0284,22082000000.0,5919000000.0,-16163000000.0,330314000000.0,156484000000.0,167325000000.0,3657000000.0,42762000000.0,39105000000.0,376892956400.14,415997956400.14,48.3457,1.811,2.2525,13.777,0.0329,0.0469,0.0184,0.0184,0.2556,0.1295,Conservative (<0.5x),0.8690000000000001,0.5258617070406,17.4106,50.1879,1.8907,40.351,2.98,0.036862791017033,-0.1576,-0.5146,-0.5117,-0.2723,0.5358
XOM,2017,Energy,0,Negative/Flat Return,-16.481309305763027,Underperformer (-5% to -20%),244363000000.0,0.1742,High Growth (>15%),86042000000.0,19275000000.0,19710000000.0,4.63,4.63,0.3521,0.0783,0.16,0.0807,Low (0-10%),0.06,30066000000.0,14664000000.0,-15402000000.0,348691000000.0,154191000000.0,187688000000.0,3177000000.0,42336000000.0,39159000000.0,360281129727.31,399440129727.31,18.365,1.4744,1.9196,10.2342,0.0814,0.105,0.0403,0.0403,0.2256,0.1214,Conservative (<0.5x),0.816,0.49806996589985,31.8419,57.6721,4.6518,44.29600000000001,3.06,0.038433915931061,0.1484,1.514,1.4628,0.3616,1.4774
XOM,2018,Energy,1,Positive Return,4.9247933385599545,Neutral (-5% to 5%),290212000000.0,0.1876,High Growth (>15%),101377000000.0,31719000000.0,20840000000.0,4.88,4.88,0.3493,0.1073,0.172,0.0718,Low (0-10%),0.0566,36014000000.0,16440000000.0,-19574000000.0,346196000000.0,147668000000.0,191794000000.0,3042000000.0,37796000000.0,34754000000.0,288703310922.3,323457310922.3,13.9734,0.9948,1.5053,6.4843,0.0876,0.1087,0.0669,0.0669,0.1971,0.1092,Conservative (<0.5x),0.84,0.48554377122055,40.6501,68.5463,4.9223,45.301,3.23,0.048877503464969,0.1782,0.0573,0.054,0.1978,0.1211
